FIELD,Game Result,Side Line,O/U Line,O/U_Odds
1,L,-155.0,8.5,-106
1,W,-155.0,8.5,-116
1,W,-145.0,8.0,-106
1,W,-120.0,9.0,107
0,W,176.0,9.0,-107
0,L,221.0,7.5,-113
0,W,157.0,8.5,-111
0,L,168.0,9.0,-121
0,L,141.0,8.5,103
0,L,150.0,9.0,-116
0,L,153.0,9.5,-111
0,W,195.0,8.5,100
0,W,133.0,9.0,-107
1,W,154.0,9.0,-111
1,L,173.0,8.0,110
1,L,140.0,9.5,-116
1,W,-111.0,9.0,-102
1,W,-110.0,9.5,104
1,W,-135.0,9.0,-111
0,L,206.0,8.5,-110
0,W,159.0,7.5,100
0,L,226.0,10.0,106
0,W,353.0,9.0,-109
0,W,183.0,9.5,-119
1,W,148.0,9.5,111
1,W,136.0,8.5,-114
1,L,173.0,8.5,-102
1,L,126.0,9.0,-115
1,L,196.0,8.5,100
1,W,129.0,8.5,-108
0,W,185.0,7.5,-116
0,W,151.0,8.5,101
0,W,131.0,9.0,101
0,L,174.0,9.0,-102
0,W,161.0,9.0,-128
0,L,156.0,8.5,106
1,L,119.0,9.5,-102
1,W,195.0,7.5,-104
1,L,172.0,9.0,-115
1,W,149.0,9.0,-125
1,L,-141.0,8.5,-110
1,L,-113.0,9.0,-108
1,W,-118.0,8.5,-118
0,L,219.0,8.5,101
0,L,168.0,9.0,-111
0,W,180.0,8.5,104
0,L,115.0,9.5,-107
0,W,125.0,9.0,-120
0,W,129.0,9.0,-106
1,W,121.0,9.0,103
1,W,114.0,8.5,-110
1,L,159.0,9.0,-106
1,W,151.0,9.0,-121
1,W,130.0,9.0,-105
1,W,-110.0,9.5,-110
0,L,126.0,10.0,-118
0,L,206.0,8.5,106
0,L,121.0,9.5,-117
0,W,112.0,9.5,102
0,L,136.0,9.5,-106
0,L,207.0,9.0,-102
0,L,190.0,9.0,-110
1,L,108.0,9.5,101
1,W,122.0,9.5,100
1,L,136.0,9.0,-105
1,L,200.0,9.5,100
1,W,185.0,9.0,103
1,L,149.0,9.5,-106
1,L,122.0,9.0,-107
1,L,126.0,9.5,-107
1,L,132.0,9.5,-105
0,W,219.0,10.0,100
0,W,348.0,8.5,102
0,W,185.0,10.0,113
0,W,232.0,9.5,-104
0,L,211.0,9.0,-105
0,L,169.0,10.0,-106
0,L,173.0,9.0,-109
0,W,192.0,9.5,-120
0,L,254.0,8.5,-113
0,L,199.0,10.0,-119
1,W,106.0,9.0,-103
1,L,-107.0,8.5,105
1,W,-113.0,9.5,103
1,W,109.0,9.5,-116
1,W,109.0,9.0,-118
1,W,-101.0,9.5,-109
1,L,107.0,9.0,-115
1,L,107.0,8.5,-121
0,L,149.0,7.0,-106
0,W,180.0,6.5,-107
0,L,149.0,7.0,-125
0,L,237.0,6.5,-120
0,W,140.0,8.5,-108
0,L,180.0,7.5,-108
1,L,124.0,8.5,-118
1,L,-114.0,9.0,-111
1,L,-113.0,9.0,107
1,W,191.0,9.5,-115
1,L,215.0,9.0,-102
1,L,196.0,8.5,-109
1,W,149.0,9.5,-110
1,L,181.0,8.5,100
1,L,160.0,9.5,103
0,L,295.0,9.5,-104
0,L,208.0,10.0,-116
0,L,159.0,8.0,102
0,L,161.0,9.0,-122
0,L,166.0,8.0,101
1,L,128.0,9.0,-103
1,L,-108.0,9.0,-114
1,W,106.0,8.0,-107
0,L,113.0,8.5,-108
0,L,134.0,9.0,100
0,W,144.0,9.0,-116
0,L,136.0,9.5,-101
0,L,153.0,9.5,102
1,W,132.0,7.5,-125
1,L,-130.0,9.0,-109
1,L,106.0,9.5,-117
1,L,-138.0,8.5,-123
1,W,-117.0,8.5,-111
1,W,122.0,7.5,114
1,W,-118.0,9.0,-110
1,L,145.0,8.0,-107
0,L,138.0,8.5,111
0,L,164.0,8.5,-103
0,W,208.0,8.0,-105
0,W,189.0,9.5,-116
0,L,255.0,9.5,-109
0,L,207.0,9.0,-108
0,L,290.0,9.0,105
1,W,144.0,9.0,102
1,W,145.0,10.0,106
1,L,141.0,8.5,-113
1,L,215.0,8.5,-102
0,W,146.0,10.5,-109
0,L,163.0,8.5,101
0,L,196.0,8.5,-101
0,L,193.0,7.0,100
0,L,133.0,8.5,-107
0,L,144.0,8.0,-115
0,W,161.0,7.0,-117
0,L,146.0,7.5,-107
0,L,140.0,7.5,101
0,L,136.0,8.5,-107
1,L,143.0,9.0,108
1,L,110.0,9.0,111
1,L,134.0,9.0,-113
1,L,-113.0,8.5,-110
1,L,-140.0,9.5,-113
1,L,-156.0,9.0,104
0,W,149.0,9.5,-122
0,L,199.0,9.0,102
0,L,192.0,9.0,101
1,W,-119.0,9.5,111
1,W,-108.0,9.5,-101
1,L,126.0,9.5,111
0,L,-142.0,7.5,106
0,L,-133.0,9.0,-126
0,L,-102.0,8.5,-102
0,W,-121.0,8.5,-123
0,L,172.0,9.5,-108
0,W,-116.0,9.0,-105
0,W,164.0,9.5,-105
1,W,-163.0,9.5,-111
1,L,-208.0,8.5,100
1,L,-141.0,9.0,-107
1,W,-172.0,8.0,-108
1,L,-139.0,9.0,-108
1,L,-140.0,9.5,113
0,W,-161.0,7.0,-107
0,W,-131.0,7.5,-104
0,W,-166.0,6.5,102
0,W,115.0,7.5,-101
0,L,134.0,7.5,-126
0,L,-103.0,6.5,106
1,W,-124.0,9.5,-105
1,L,114.0,8.5,-123
1,W,-155.0,8.5,-115
1,L,-139.0,9.0,-104
1,L,-123.0,9.0,-103
1,L,-158.0,8.0,-112
0,W,-134.0,9.0,-115
0,W,-210.0,8.5,100
0,L,-137.0,8.5,-108
0,L,131.0,8.5,-107
0,L,138.0,7.5,-109
0,W,131.0,7.0,108
1,L,100.0,8.0,105
1,W,-212.0,9.0,-114
1,W,-141.0,8.0,-120
1,W,-136.0,8.5,-102
1,L,-187.0,8.5,-107
1,L,-151.0,9.5,-116
1,W,-176.0,10.0,-110
1,W,-136.0,8.0,-105
0,L,133.0,9.5,105
0,W,-104.0,8.5,-105
0,L,119.0,9.5,-103
0,L,-104.0,10.0,102
0,W,104.0,8.0,-109
0,W,119.0,8.0,-105
0,W,120.0,8.5,109
0,L,194.0,9.0,-116
1,W,-198.0,9.0,103
1,L,-247.0,8.5,-116
1,W,-239.0,9.5,102
1,L,-195.0,9.0,101
1,W,-138.0,8.0,-108
1,W,-180.0,8.5,-113
1,L,-252.0,8.5,-110
0,W,103.0,8.5,-106
0,W,139.0,7.5,-102
0,W,122.0,7.5,-104
0,L,-137.0,7.5,-107
0,L,-187.0,7.5,-117
0,W,-117.0,7.5,-105
0,W,-153.0,8.5,-102
0,L,-107.0,7.5,102
0,L,108.0,8.0,-119
0,W,107.0,8.0,-105
1,L,-156.0,8.5,104
1,W,133.0,9.0,-110
1,L,115.0,9.5,-119
1,L,-109.0,9.5,-107
0,W,-118.0,9.5,113
0,L,105.0,9.0,111
0,W,-132.0,7.5,111
0,L,166.0,8.5,111
0,L,161.0,9.0,-116
0,L,154.0,8.5,-109
1,L,-205.0,9.5,-120
1,W,-273.0,8.5,-113
1,W,-213.0,10.0,-119
1,L,-106.0,9.5,100
1,W,-109.0,9.5,105
0,W,111.0,6.5,-111
0,W,-140.0,8.0,-102
0,L,119.0,8.0,-109
0,W,106.0,9.5,-111
0,L,155.0,8.0,-117
0,L,-139.0,8.5,105
1,W,-153.0,9.5,-102
1,W,-154.0,11.0,-104
1,W,-136.0,10.5,-120
1,W,-145.0,9.0,110
1,W,-270.0,9.0,106
1,W,-190.0,9.5,-110
1,L,101.0,9.5,-118
1,W,-153.0,10.0,102
1,W,-140.0,10.5,108
0,L,-195.0,8.5,-111
0,L,-172.0,9.0,102
0,W,-159.0,9.5,-102
0,W,-148.0,9.0,100
0,L,-159.0,9.5,-110
0,W,-193.0,8.5,100
0,W,-170.0,9.5,103
1,L,-116.0,9.0,-101
1,W,-141.0,9.5,-113
1,W,-153.0,9.0,-114
1,W,-146.0,8.5,-120
1,L,-187.0,9.5,103
1,L,-198.0,9.5,-115
0,W,149.0,8.5,106
0,W,106.0,8.0,-105
0,W,125.0,9.0,102
0,W,184.0,8.0,-103
0,W,110.0,10.5,-108
0,L,132.0,9.5,-111
1,W,-118.0,9.5,-106
0,W,167.0,8.5,-108
0,L,170.0,9.0,104
0,L,-137.0,9.5,-123
0,L,-176.0,9.0,102
1,L,-106.0,9.5,-110
1,W,-148.0,10.5,-112
1,W,-190.0,9.5,101
1,W,-109.0,9.0,107
1,L,128.0,9.0,107
1,L,-103.0,9.5,104
1,W,-130.0,10.5,100
1,W,-162.0,9.5,100
1,W,-172.0,9.0,-108
1,W,-175.0,10.0,-103
0,L,-153.0,9.0,102
0,L,-154.0,10.0,106
0,W,-146.0,8.5,-103
0,W,-105.0,8.5,105
0,W,-137.0,9.0,-107
1,L,-155.0,10.5,-109
1,W,-174.0,8.5,101
1,W,-210.0,8.5,-101
1,L,-141.0,9.0,-117
1,W,-188.0,9.0,104
1,W,-130.0,9.5,109
1,L,-166.0,8.5,-105
1,L,-136.0,8.5,-114
1,L,-125.0,9.0,100
1,L,-165.0,9.5,-121
0,L,112.0,9.5,102
0,L,-127.0,9.0,-114
0,W,-162.0,9.0,-107
0,W,-107.0,7.0,-113
0,L,-151.0,9.5,-107
1,L,-138.0,10.0,-106
1,L,-136.0,9.5,101
1,W,-118.0,9.0,106
0,L,-107.0,9.0,-111
1,W,-173.0,8.0,109
1,L,-157.0,9.5,-109
1,L,104.0,7.5,104
0,W,-133.0,8.5,106
1,W,-177.0,9.0,110
0,W,-117.0,9.0,-108
0,W,-144.0,7.5,105
0,L,112.0,9.5,111
0,L,102.0,9.5,-101
0,W,-134.0,9.5,111
0,L,105.0,9.0,-116
0,W,-181.0,8.5,-105
0,L,-124.0,9.5,-114
1,W,-183.0,9.5,-108
1,L,109.0,9.0,-105
1,L,-175.0,9.5,-105
1,L,-136.0,8.0,106
1,L,-137.0,10.5,-121
1,W,-133.0,9.5,-105
1,W,-119.0,9.5,-120
0,L,-164.0,9.0,-111
0,W,-184.0,8.0,110
0,W,-149.0,9.5,-116
0,L,107.0,9.5,-115
0,W,123.0,8.5,-107
0,L,115.0,7.5,-117
0,L,161.0,9.5,-112
0,L,-103.0,10.5,101
0,L,129.0,9.5,-105
1,W,-243.0,10.0,106
1,L,-385.0,9.0,-109
1,L,-195.0,9.5,-119
1,L,-164.0,9.5,111
1,W,-191.0,10.0,-102
1,W,-135.0,9.0,-109
1,W,-208.0,8.0,-114
1,W,-133.0,9.5,-119
1,W,-203.0,9.0,-105
1,W,-125.0,9.5,104
0,W,116.0,9.5,106
0,W,-134.0,8.5,-104
0,L,-137.0,10.0,-110
0,W,-104.0,10.0,-101
0,L,120.0,9.0,-118
1,W,-315.0,8.5,-108
1,W,-203.0,9.0,-118
1,L,-145.0,8.0,105
1,W,-235.0,9.5,-107
1,W,-173.0,9.5,-101
1,W,-177.0,7.5,-101
1,L,-174.0,9.0,109
0,L,-210.0,10.0,-115
0,W,-236.0,9.5,-109
0,L,-182.0,10.0,107
0,W,-240.0,9.0,-105
0,W,160.0,8.0,-117
0,L,133.0,10.0,-103
1,L,-127.0,8.5,109
1,W,-207.0,9.0,-116
1,W,-182.0,9.5,-118
1,L,-151.0,9.5,-105
1,L,-182.0,9.5,101
0,L,-129.0,8.0,-118
0,W,109.0,8.5,-119
0,L,-110.0,9.0,-103
0,W,-144.0,9.5,-115
0,W,-155.0,9.0,107
0,L,-240.0,9.0,104
0,W,-170.0,9.0,106
1,W,-290.0,10.0,102
1,W,-244.0,10.0,-111
1,W,-283.0,9.0,-109
1,W,-191.0,9.0,-102
1,L,-242.0,10.0,-111
1,W,-124.0,8.5,-125
1,L,-127.0,9.5,-104
1,W,-172.0,8.5,-125
0,W,-252.0,8.0,-116
0,L,-110.0,7.0,-111
0,W,-187.0,8.5,-105
0,W,-156.0,7.5,107
0,W,-120.0,7.5,-104
0,W,-143.0,7.5,-109
0,W,-145.0,8.0,-114
1,W,-225.0,9.0,-111
1,W,-174.0,8.5,-114
1,L,-179.0,9.5,-105
1,W,-350.0,8.5,106
1,L,-153.0,8.0,-110
1,L,-159.0,7.5,104
0,W,-107.0,7.0,-101
0,L,106.0,8.5,110
0,W,-155.0,8.0,-107
0,W,-203.0,10.5,-106
0,W,-126.0,9.5,112
0,L,-161.0,10.5,-117
1,W,-183.0,8.5,101
1,W,-188.0,8.5,110
1,L,-200.0,9.5,-105
1,L,-222.0,10.0,-102
1,L,-194.0,10.0,100
1,W,-111.0,7.5,101
1,W,-355.0,9.0,-109
1,W,-235.0,9.0,101
1,W,-239.0,8.5,-113
0,L,-204.0,9.5,-115
0,W,-230.0,9.0,-102
0,W,-209.0,8.5,-109
0,W,-130.0,9.5,-114
0,L,-131.0,8.5,101
0,L,-127.0,9.0,-107
1,W,-320.0,9.5,-104
1,W,-223.0,10.0,-116
1,W,-250.0,9.5,-114
1,L,-315.0,9.0,-106
1,W,-235.0,9.0,102
0,L,-107.0,9.0,-111
0,W,125.0,8.5,-121
0,W,-102.0,9.5,-105
0,L,-137.0,7.0,100
0,L,-160.0,7.5,-111
0,W,-159.0,9.0,-108
1,L,-136.0,9.0,-110
1,L,-141.0,9.5,111
1,L,-178.0,8.5,-108
1,W,-181.0,9.0,104
1,L,-136.0,10.5,110
1,W,-131.0,9.0,101
1,W,-166.0,9.0,-114
0,L,-120.0,7.5,-116
0,W,-182.0,9.0,-108
0,L,-137.0,10.0,-119
0,L,-151.0,10.5,-105
0,L,103.0,9.0,107
0,W,-136.0,9.0,107
0,W,-103.0,9.5,104
1,W,-275.0,9.5,-109
1,W,-222.0,9.0,-108
1,W,-314.0,9.0,105
1,W,-200.0,9.5,113
1,L,-148.0,9.0,-109
1,W,-225.0,9.5,-110
0,W,-150.0,8.5,-113
0,W,-230.0,8.5,-102
0,L,-120.0,9.5,-107
0,W,-123.0,9.5,-104
0,L,-130.0,9.5,104
0,L,-176.0,7.5,-113
0,W,-142.0,8.5,113
0,W,-152.0,8.5,112
1,W,-159.0,9.0,-114
1,W,-167.0,9.5,117
1,W,-201.0,8.5,107
1,W,-159.0,10.0,104
1,L,-195.0,10.0,-118
1,W,-194.0,10.0,100
0,W,-107.0,9.0,-105
0,W,-139.0,9.0,-117
0,L,-109.0,9.5,111
0,W,130.0,10.0,-106
0,W,128.0,9.5,101
0,L,111.0,9.0,106
1,L,-120.0,6.5,104
0,W,101.0,9.0,-106
0,W,106.0,8.5,-104
1,L,-130.0,8.5,-105
1,L,-133.0,7.0,-116
0,W,-155.0,9.0,-127
0,W,-140.0,9.0,-108
0,L,-145.0,8.5,100
0,L,-125.0,7.5,111
1,L,-188.0,9.0,-107
1,W,-237.0,7.5,-113
1,L,-167.0,8.5,-111
1,L,-221.0,8.5,-115
1,W,-213.0,8.0,102
1,W,-190.0,8.5,-115
0,W,128.0,8.0,106
0,W,129.0,10.5,-121
0,L,125.0,9.5,-105
0,L,112.0,9.5,-120
1,W,-235.0,8.0,-121
1,L,-155.0,8.5,-123
1,W,-114.0,9.5,-115
1,L,-131.0,8.5,-107
1,W,-122.0,7.5,-117
0,W,111.0,8.5,-121
0,W,108.0,9.0,-103
0,L,117.0,9.5,-105
0,W,-121.0,8.5,-123
0,L,146.0,8.5,-115
0,L,-157.0,9.5,111
0,L,-145.0,8.5,-114
0,W,-184.0,8.5,-102
1,W,-170.0,7.5,-108
1,L,-144.0,8.5,-104
1,W,-140.0,8.5,-110
1,W,-139.0,8.5,-107
1,W,-147.0,7.5,-109
1,L,-139.0,7.0,108
0,L,-103.0,9.0,103
0,W,-104.0,8.5,-110
0,W,-136.0,9.0,108
0,W,-120.0,7.0,-103
0,W,-127.0,6.5,-111
0,L,-147.0,7.0,-123
0,L,122.0,7.5,105
1,W,-162.0,9.0,104
1,W,-161.0,8.0,-115
1,W,-108.0,7.0,107
1,W,-235.0,8.5,101
1,W,-179.0,9.0,-111
1,L,-192.0,8.5,104
0,L,100.0,7.5,-105
0,W,-108.0,8.5,-108
0,W,-152.0,8.5,-125
0,L,120.0,9.5,-102
0,L,-133.0,9.0,-112
0,L,-115.0,8.5,-103
1,L,-149.0,8.5,-116
1,L,-182.0,8.0,-101
1,W,-157.0,8.0,-123
1,W,-121.0,8.0,-106
1,W,122.0,8.0,-118
1,L,-116.0,8.5,-119
1,W,104.0,9.0,-103
1,W,-236.0,8.0,-110
1,W,-218.0,8.5,-107
1,W,-143.0,7.5,-119
1,W,-180.0,8.0,-103
0,W,-134.0,9.0,-102
0,L,-151.0,9.0,-109
0,W,-214.0,9.5,100
0,L,-198.0,9.0,103
0,W,-159.0,9.5,-106
0,L,117.0,8.5,-125
0,W,120.0,9.5,-104
0,L,161.0,8.5,-125
1,W,-240.0,8.5,104
1,W,-245.0,9.0,105
1,L,-198.0,8.5,113
1,W,-198.0,9.0,-110
1,W,-177.0,8.5,111
1,W,-172.0,9.0,-116
1,W,-164.0,8.5,-109
0,W,-112.0,9.5,-103
0,W,135.0,8.5,-121
0,L,-118.0,8.0,-102
0,W,105.0,8.0,-116
0,W,100.0,9.5,100
0,L,103.0,9.5,105
1,L,-182.0,9.5,-117
1,W,-220.0,8.5,-111
1,L,-180.0,8.5,-106
1,L,-190.0,8.5,110
1,L,-138.0,8.0,-115
0,L,105.0,7.0,-108
0,W,-142.0,9.0,-105
0,L,-168.0,9.0,-116
0,L,112.0,8.5,-115
0,L,122.0,8.5,100
0,W,-130.0,8.5,-102
1,L,-210.0,9.0,105
1,W,-190.0,8.5,-110
1,L,-182.0,8.5,-107
1,L,-136.0,9.0,-120
1,W,-148.0,7.5,107
0,W,-134.0,10.0,-102
0,L,-140.0,9.5,101
0,L,122.0,10.0,-110
0,W,100.0,7.5,-115
0,W,-150.0,9.0,-123
0,L,-134.0,9.0,-114
1,L,-176.0,8.0,107
1,W,-142.0,8.0,-111
1,L,-220.0,8.5,104
1,W,-182.0,9.0,-114
1,L,-159.0,8.5,106
1,L,-113.0,8.0,-105
1,L,-133.0,9.0,102
0,W,-173.0,7.5,-115
0,W,-147.0,8.0,-103
0,L,-167.0,7.5,-104
0,W,128.0,9.0,-110
0,W,133.0,9.5,111
1,W,-259.0,8.5,-113
1,W,-193.0,8.5,-110
1,W,-147.0,7.0,-135
1,W,-207.0,8.5,-110
1,L,-180.0,8.5,103
0,W,-103.0,8.0,-106
0,L,-137.0,8.5,-109
0,L,-147.0,7.5,-113
0,L,-157.0,8.5,-115
0,W,-132.0,7.5,-117
0,W,102.0,6.5,-113
0,W,-141.0,7.5,-103
1,W,-144.0,8.0,-118
1,L,-280.0,9.0,-101
1,L,-260.0,9.5,-107
1,W,-230.0,8.5,-113
1,W,-152.0,8.5,109
1,W,-174.0,8.5,-115
1,W,-200.0,8.5,113
1,W,-146.0,9.0,112
1,L,-225.0,8.5,-106
0,W,-108.0,8.0,-105
0,W,104.0,8.0,104
0,L,-109.0,8.0,-111
0,W,156.0,8.5,-105
0,W,128.0,8.5,-114
0,W,118.0,9.0,100
0,W,155.0,9.5,-121
0,W,-152.0,9.0,108
0,W,-117.0,9.0,111
0,W,-142.0,9.0,-113
1,L,101.0,9.0,-105
1,L,131.0,9.0,-117
1,W,103.0,9.5,111
1,L,-158.0,9.5,-122
1,W,-213.0,9.0,102
1,W,-205.0,9.0,101
0,W,115.0,8.5,-105
0,L,103.0,7.5,-104
0,W,117.0,8.5,-107
0,W,150.0,8.0,101
1,W,-111.0,9.0,-116
1,L,170.0,8.5,-105
1,W,117.0,9.5,-114
1,W,-179.0,9.0,-121
1,W,-150.0,8.5,103
1,W,-160.0,9.0,-116
1,W,127.0,7.0,-102
1,L,-174.0,8.5,-108
1,W,-148.0,8.5,109
0,L,161.0,8.0,-108
0,W,131.0,9.0,-108
0,W,132.0,9.5,113
0,L,105.0,9.0,-102
0,L,104.0,9.5,104
0,L,127.0,9.0,-111
1,L,-118.0,8.5,-121
1,L,-115.0,9.0,-103
1,L,-101.0,9.0,-108
1,L,-108.0,10.0,-108
1,W,-171.0,9.0,106
1,W,-137.0,8.5,-125
0,W,154.0,9.5,111
0,L,179.0,10.0,-102
0,L,127.0,9.0,-109
0,L,160.0,7.5,-108
0,W,136.0,8.5,-104
0,L,132.0,8.5,-110
1,L,-132.0,9.5,105
1,W,-130.0,7.5,100
1,L,-133.0,7.5,-108
1,L,-102.0,10.0,-101
1,W,-127.0,9.0,-118
0,L,133.0,8.0,-120
0,L,128.0,8.5,-102
0,W,175.0,8.5,-107
0,L,120.0,7.5,-113
0,L,-101.0,7.0,-105
0,W,122.0,7.0,-124
0,W,132.0,7.5,103
0,L,116.0,8.0,-109
0,W,117.0,9.5,-119
1,W,-102.0,10.0,102
1,L,-110.0,8.0,-109
1,L,-126.0,8.0,-105
1,W,-127.0,9.5,-102
1,W,125.0,9.0,-112
1,W,108.0,8.5,-103
0,L,171.0,9.5,-118
0,W,142.0,9.5,-105
0,W,171.0,9.5,101
1,L,-210.0,8.5,-105
1,W,-187.0,8.5,100
1,W,-145.0,9.5,-106
1,W,-222.0,9.0,-102
1,W,-203.0,9.0,-110
0,L,106.0,9.0,105
0,W,-111.0,8.5,103
0,W,-101.0,8.5,-107
0,L,142.0,7.5,-104
0,L,143.0,8.0,-113
0,W,-106.0,10.0,102
0,W,-130.0,9.0,-107
0,W,-134.0,9.5,-107
0,W,-140.0,9.5,-105
1,L,111.0,9.5,113
1,W,-111.0,9.0,111
1,L,124.0,7.5,111
1,W,-107.0,9.0,-112
1,L,117.0,9.5,100
0,L,210.0,9.0,-111
0,L,163.0,8.5,-114
0,W,168.0,9.5,-105
0,L,-124.0,8.0,-115
0,L,-114.0,10.0,-115
0,L,-113.0,8.0,111
0,L,-151.0,8.5,-101
1,L,-101.0,9.5,108
1,W,126.0,9.0,-105
1,L,191.0,8.5,-117
1,W,122.0,7.5,-118
1,L,100.0,7.5,-121
1,L,-104.0,8.0,-114
1,L,-148.0,7.5,-107
1,W,147.0,8.5,101
1,W,-150.0,8.5,102
0,W,-114.0,6.5,-118
0,L,113.0,6.0,105
0,W,-104.0,6.5,-114
0,L,146.0,9.5,105
0,L,119.0,9.0,-119
0,L,164.0,7.0,-119
0,W,128.0,9.0,-120
0,L,139.0,7.5,107
1,L,122.0,9.5,-114
1,W,123.0,8.5,101
1,W,120.0,9.0,-107
1,L,-106.0,7.5,-115
1,L,141.0,9.0,-123
1,W,126.0,9.0,-114
1,W,-169.0,8.0,102
1,W,-172.0,9.0,-122
1,W,-177.0,8.0,101
0,L,125.0,9.5,-101
0,L,106.0,8.0,-110
0,W,118.0,9.0,100
0,W,-125.0,10.0,-107
0,L,145.0,11.0,-111
0,L,138.0,9.5,-110
0,W,106.0,7.5,103
1,W,-116.0,8.0,-115
1,L,102.0,9.5,-103
1,W,110.0,9.0,-118
1,W,-134.0,9.0,-119
1,W,-107.0,8.5,-104
0,W,100.0,9.5,-110
0,L,139.0,10.5,-112
0,L,178.0,9.5,101
0,W,106.0,8.5,110
0,L,125.0,8.0,-115
0,W,101.0,8.5,111
0,W,162.0,8.5,103
0,W,125.0,8.5,-124
0,W,-122.0,8.0,106
0,W,101.0,9.0,-101
1,W,-162.0,8.5,100
1,L,-107.0,9.0,-104
1,W,-123.0,9.0,-110
1,W,-155.0,7.5,101
1,L,137.0,8.5,-103
1,L,-101.0,8.5,105
1,L,129.0,9.0,-107
0,L,187.0,8.5,113
0,L,137.0,9.0,112
0,W,210.0,8.5,-106
1,L,-110.0,7.5,-114
1,W,-144.0,9.0,102
1,W,-114.0,9.5,109
1,L,-133.0,8.5,-101
1,L,101.0,10.0,-107
1,L,104.0,8.5,-114
1,W,-117.0,9.5,-104
1,L,112.0,8.0,-102
1,W,-119.0,8.5,106
1,L,120.0,8.0,-115
0,W,106.0,8.5,-110
0,W,132.0,9.5,-113
0,W,147.0,9.0,104
0,W,141.0,9.0,-118
0,W,162.0,9.0,-105
1,L,-131.0,7.0,-113
1,L,-129.0,7.0,-110
0,W,111.0,6.5,101
0,L,147.0,6.5,100
1,W,-136.0,7.5,115
1,L,-208.0,8.0,-105
1,L,-156.0,8.5,100
1,W,-214.0,8.5,-106
1,W,-172.0,7.0,101
1,W,-197.0,8.0,-118
0,L,-133.0,8.5,-115
0,W,-152.0,8.5,-116
0,L,-175.0,7.5,-108
0,L,135.0,7.5,110
0,L,180.0,8.0,-110
0,W,-103.0,7.0,-126
0,W,-139.0,7.0,104
0,W,-135.0,7.0,-104
1,L,-175.0,8.0,-106
1,L,-198.0,8.0,-103
1,W,-198.0,8.5,-104
1,L,-218.0,8.5,-103
1,W,-138.0,8.0,100
1,W,111.0,7.5,100
1,L,100.0,7.0,112
0,W,-151.0,8.5,103
0,L,-188.0,7.5,-102
0,L,-199.0,8.0,-101
0,L,-119.0,8.5,-105
0,W,145.0,7.0,-114
0,L,-119.0,9.5,-106
1,L,-157.0,6.5,-106
1,W,-172.0,8.0,106
1,W,-155.0,7.5,101
1,W,-198.0,8.0,104
1,W,100.0,7.5,102
1,W,-175.0,7.5,113
0,L,-116.0,9.0,-121
0,L,113.0,9.0,101
0,L,-114.0,8.0,-104
0,W,-128.0,7.5,-113
0,L,-155.0,7.5,106
0,W,-128.0,10.5,-113
1,L,-210.0,8.5,-123
1,W,-219.0,7.5,-102
1,W,-177.0,8.5,-116
1,W,-135.0,7.0,-104
1,L,-137.0,7.5,-108
1,W,-164.0,7.0,106
0,W,-125.0,7.0,-107
0,W,-145.0,8.0,-110
0,L,-130.0,8.5,-105
1,W,-123.0,7.5,-105
1,W,-135.0,7.0,-107
1,L,-151.0,7.5,-123
1,W,-103.0,7.0,-113
1,W,-160.0,8.5,100
1,L,-138.0,7.5,-106
1,W,-138.0,6.5,109
0,L,-117.0,8.5,-108
0,L,100.0,8.5,100
0,W,121.0,8.5,105
0,L,-136.0,8.5,-104
0,W,-147.0,7.5,106
0,L,122.0,6.5,-104
0,L,-132.0,8.5,-103
0,W,-113.0,8.0,-107
0,L,-105.0,8.5,112
1,W,-165.0,7.5,-111
1,L,-166.0,8.0,-115
1,W,-155.0,8.0,102
1,W,-176.0,9.0,105
1,L,-195.0,8.0,-102
1,L,-175.0,8.5,111
1,W,-175.0,8.5,-111
0,L,128.0,7.0,-115
0,W,-118.0,7.5,-113
0,W,-114.0,7.5,-131
0,W,-110.0,9.0,105
0,W,124.0,8.5,-101
0,L,171.0,7.5,-118
1,L,-161.0,7.5,-126
1,W,-157.0,8.0,-108
1,W,-161.0,8.5,-104
1,W,-117.0,6.5,-105
1,L,-113.0,7.0,-116
1,W,-112.0,9.0,-111
1,W,-155.0,9.0,-112
0,L,-103.0,9.0,-126
0,L,-113.0,8.0,-101
0,L,-113.0,8.0,-103
1,W,-176.0,9.5,-105
1,W,-139.0,8.0,119
1,W,-206.0,9.0,104
1,W,-119.0,8.5,-115
1,W,-130.0,8.5,100
1,L,122.0,8.5,-102
0,W,128.0,8.5,100
0,W,108.0,9.5,-102
0,L,138.0,8.0,-102
0,W,-163.0,9.5,-117
0,L,106.0,9.5,-103
0,W,-104.0,9.0,-105
0,L,113.0,8.5,-115
0,L,108.0,7.0,-127
0,W,117.0,7.0,109
0,L,158.0,7.5,-110
0,W,122.0,8.0,-116
1,W,-141.0,9.0,107
1,W,-120.0,7.5,-105
1,W,-155.0,7.5,-106
1,W,-166.0,8.5,-118
1,W,-170.0,8.5,-104
0,W,-114.0,8.0,105
0,W,-142.0,8.5,110
0,L,114.0,9.0,-101
0,L,-126.0,8.5,-128
0,W,-145.0,9.0,-120
0,W,-148.0,8.5,-111
1,W,-164.0,7.5,109
1,W,-118.0,8.5,-106
1,W,-105.0,7.5,-104
1,L,-152.0,8.5,-110
1,W,-123.0,8.0,113
1,L,-195.0,8.0,-110
1,W,-126.0,9.0,-107
0,W,154.0,8.5,101
0,W,-127.0,9.0,102
0,W,-131.0,8.5,-107
0,L,186.0,9.0,-102
0,W,140.0,10.0,-110
0,L,117.0,10.0,-123
0,L,-126.0,8.5,-111
0,W,-158.0,8.0,-113
1,W,-172.0,9.0,-123
1,W,-154.0,8.0,-110
1,W,-210.0,8.0,-114
0,L,155.0,7.0,-108
0,L,142.0,8.5,102
0,L,164.0,7.5,-124
0,L,-107.0,8.0,102
0,L,-116.0,7.0,-105
0,L,-126.0,8.5,-118
0,L,-123.0,8.5,-102
1,L,-151.0,9.5,114
1,L,138.0,7.5,-105
1,W,-156.0,8.5,112
1,W,-136.0,9.0,-117
1,L,117.0,8.0,-101
1,W,-132.0,8.5,-112
0,W,-121.0,7.0,102
0,L,-124.0,7.0,-111
0,L,169.0,7.0,102
0,L,110.0,8.0,100
1,L,-175.0,8.0,-116
1,W,-143.0,8.0,100
1,W,-124.0,8.5,101
1,W,-182.0,8.5,-101
1,W,-127.0,9.5,-123
1,L,-148.0,9.5,-125
1,W,-173.0,8.5,-117
0,L,200.0,8.5,-106
0,L,161.0,7.0,101
0,L,185.0,8.0,-118
0,L,146.0,9.0,-127
0,W,137.0,9.0,-113
0,L,144.0,10.5,-108
0,L,162.0,7.5,-103
1,W,-115.0,8.0,-101
1,W,-107.0,8.0,108
1,W,147.0,8.0,105
1,L,-126.0,9.5,111
1,L,-159.0,8.5,-116
1,L,100.0,8.0,-116
1,L,222.0,8.0,-114
1,L,144.0,8.0,-102
1,L,127.0,9.5,-105
0,W,132.0,8.5,111
0,W,-111.0,8.5,-111
0,W,113.0,8.5,-110
0,L,230.0,9.0,100
0,L,155.0,10.0,-103
0,L,175.0,8.0,109
0,W,157.0,10.0,-105
1,W,112.0,8.5,-105
1,L,-154.0,7.0,-114
1,W,112.0,9.5,-106
1,W,-148.0,8.5,-104
1,W,-153.0,8.5,-116
1,L,-155.0,8.5,-116
0,L,-106.0,7.5,102
0,L,164.0,7.5,113
0,W,119.0,7.5,120
0,W,-107.0,8.0,102
0,L,-107.0,6.5,103
1,L,-119.0,9.0,-120
1,W,-132.0,8.0,100
1,W,-178.0,7.5,-115
0,W,-102.0,8.5,109
0,W,-163.0,7.0,-101
0,W,-132.0,8.0,101
0,L,-109.0,8.5,111
0,L,113.0,9.5,-121
0,L,158.0,9.5,104
0,L,-131.0,7.5,100
0,W,-108.0,8.0,-105
0,W,100.0,9.5,-111
0,W,169.0,7.0,-115
1,W,-162.0,6.5,-107
1,L,117.0,6.5,-108
1,L,112.0,7.5,-110
1,L,-132.0,8.5,111
1,L,173.0,7.5,-116
0,L,-140.0,6.5,110
0,W,108.0,6.5,-111
0,W,137.0,7.0,110
0,W,140.0,8.0,-109
0,L,144.0,8.0,106
0,L,-113.0,6.0,-106
1,W,124.0,8.5,-103
1,L,106.0,8.0,-107
1,W,-101.0,8.5,112
1,W,-210.0,7.0,-113
1,W,-111.0,7.5,-103
1,L,101.0,9.5,106
1,W,145.0,7.0,-114
1,W,-137.0,9.0,-105
1,W,-243.0,7.5,-111
1,L,107.0,7.0,-131
0,W,-104.0,10.5,-111
0,L,138.0,10.5,-115
0,W,136.0,8.5,-101
0,L,-113.0,10.0,-102
0,W,-115.0,6.5,102
0,L,161.0,8.5,110
0,W,167.0,8.5,-109
0,W,151.0,7.5,-126
0,L,148.0,8.0,-108
1,L,106.0,9.5,107
1,W,106.0,10.0,-130
1,W,-103.0,8.5,100
1,L,-102.0,7.5,-117
1,L,-200.0,7.0,-135
1,L,-103.0,8.5,-113
0,L,-105.0,9.5,-109
0,W,-114.0,9.0,-115
0,W,-114.0,8.5,-121
1,W,-111.0,7.0,-108
1,L,134.0,9.0,-105
1,W,158.0,9.0,-116
1,L,-137.0,9.0,-107
1,L,-113.0,8.5,-107
1,L,-156.0,7.5,-104
0,W,196.0,9.0,105
0,L,178.0,8.5,-110
0,W,171.0,8.5,-107
0,W,149.0,6.5,100
0,L,129.0,9.5,105
0,L,-101.0,8.0,-120
0,L,113.0,9.5,-105
0,L,-104.0,8.5,100
1,W,-252.0,8.0,-111
1,L,109.0,8.5,-102
1,W,-149.0,9.0,101
1,W,-124.0,9.5,-115
1,W,-132.0,8.5,-101
1,L,103.0,6.5,-110
1,L,-110.0,9.5,-119
1,L,107.0,8.0,105
1,L,134.0,8.5,110
1,W,-121.0,9.0,-101
0,W,-130.0,8.5,-111
0,L,120.0,9.0,-108
0,L,209.0,7.5,-102
0,W,156.0,7.5,-107
1,L,-138.0,9.0,-104
1,W,-164.0,8.5,100
1,W,-109.0,9.5,102
1,W,-130.0,7.0,-113
0,L,106.0,8.0,108
0,W,116.0,8.5,-115
0,W,142.0,9.0,-112
0,L,-111.0,9.0,-115
0,L,-169.0,8.5,-106
0,W,-102.0,9.0,110
1,L,-123.0,7.5,104
1,L,112.0,8.5,114
1,L,155.0,7.5,110
1,W,-212.0,8.5,104
1,W,-141.0,9.5,-109
1,L,-204.0,8.5,-103
1,L,-102.0,8.5,-109
1,L,-126.0,9.0,-103
1,W,-160.0,8.0,-105
0,L,150.0,9.5,-113
0,L,139.0,10.0,-109
0,W,108.0,9.5,107
0,W,-105.0,9.5,-111
0,L,-146.0,8.5,-107
0,L,-104.0,8.5,-119
0,W,173.0,9.5,-110
0,W,-102.0,10.5,-117
0,L,269.0,8.5,-105
1,W,-148.0,8.0,-105
1,W,-137.0,9.0,113
1,L,-116.0,9.0,-105
1,L,-135.0,7.5,-107
1,W,-113.0,9.0,-108
1,W,-149.0,8.5,-102
1,L,112.0,8.5,-110
0,W,105.0,9.0,102
0,W,-130.0,8.5,102
0,L,-107.0,7.0,-128
1,L,-150.0,7.5,-123
1,W,-123.0,8.5,-105
1,W,-113.0,7.5,-110
1,L,-119.0,8.0,-117
1,L,-148.0,8.0,-113
1,L,111.0,8.0,110
1,W,-120.0,8.0,102
0,W,236.0,8.0,-110
0,W,140.0,9.0,110
0,L,136.0,8.5,101
0,L,108.0,8.0,-101
0,L,101.0,8.0,108
1,L,-103.0,7.0,-126
1,L,131.0,7.0,104
1,L,127.0,7.0,-104
1,W,-153.0,8.0,102
1,W,-185.0,7.5,101
1,W,-156.0,7.5,-107
1,L,145.0,7.5,-117
1,W,100.0,8.5,102
1,L,214.0,7.5,109
0,W,101.0,8.0,103
0,W,128.0,8.5,-107
0,L,131.0,8.0,104
0,W,140.0,9.0,-110
0,L,126.0,8.5,100
0,L,-101.0,10.0,-101
0,W,148.0,6.5,-106
0,L,161.0,8.0,106
0,L,146.0,7.5,101
0,L,185.0,8.0,104
1,W,-165.0,7.5,-115
1,L,-172.0,6.5,-115
1,W,-140.0,7.0,103
1,L,-126.0,7.5,120
1,L,101.0,8.0,102
1,W,101.0,6.5,103
0,L,-154.0,7.5,-110
0,W,-110.0,7.5,104
0,W,-121.0,8.0,-115
0,L,125.0,8.5,-118
0,W,102.0,7.0,109
0,L,-157.0,7.5,-116
0,W,110.0,7.5,-102
1,L,-126.0,8.5,-112
1,L,191.0,7.5,-123
1,W,114.0,7.5,-127
1,W,-141.0,7.0,100
1,L,-114.0,7.5,-105
1,W,146.0,7.5,105
0,L,194.0,6.5,-125
0,W,124.0,7.0,109
0,L,115.0,8.5,-111
0,L,150.0,8.5,100
0,W,130.0,7.5,-106
0,L,130.0,6.5,109
1,L,-172.0,8.5,-106
1,W,-141.0,8.0,-110
1,L,-135.0,8.0,101
1,W,-147.0,8.5,-112
1,L,-135.0,6.5,-130
1,W,136.0,7.0,-110
0,L,167.0,6.5,108
0,L,120.0,8.5,-111
0,W,106.0,6.5,-122
0,L,163.0,8.0,-115
0,L,129.0,8.5,-105
0,L,-122.0,9.5,-106
0,L,115.0,9.5,105
0,L,143.0,7.0,-119
0,L,106.0,7.5,-110
0,L,157.0,7.0,-121
1,W,-136.0,7.0,-115
1,L,111.0,7.5,-113
1,L,107.0,7.5,-131
1,L,-122.0,8.5,-116
1,W,-142.0,8.5,-119
1,L,-155.0,8.5,110
0,W,108.0,8.5,-127
0,L,174.0,6.5,-112
0,W,-111.0,8.5,-120
0,L,-127.0,8.0,-109
0,W,-113.0,9.5,107
0,L,-113.0,10.0,-130
0,L,-103.0,8.5,100
1,W,-105.0,8.0,-105
1,L,-127.0,7.5,-108
1,W,-117.0,8.0,-103
1,L,-126.0,8.0,-118
1,W,-111.0,8.5,100
1,W,133.0,7.5,116
0,L,172.0,8.5,101
0,L,176.0,8.5,110
0,W,187.0,9.5,-105
0,W,104.0,9.0,105
0,W,-104.0,9.0,-112
0,W,-128.0,8.0,-116
0,W,-132.0,8.5,-118
0,W,107.0,9.0,-111
0,W,106.0,9.0,107
1,W,-118.0,8.0,-123
1,L,-150.0,6.5,-108
1,W,-145.0,7.0,107
1,W,-105.0,8.0,-120
1,W,-120.0,9.5,-105
1,W,-102.0,8.5,100
0,W,-102.0,6.5,116
0,L,107.0,6.5,-123
0,W,130.0,10.0,-103
0,L,115.0,10.0,-106
0,L,109.0,7.5,-105
1,W,116.0,7.5,-118
1,W,113.0,8.5,-115
1,W,118.0,9.5,-108
1,W,129.0,7.0,100
1,W,150.0,7.5,-111
1,L,149.0,9.0,-108
0,W,101.0,9.5,105
0,L,126.0,9.0,-104
0,L,-101.0,7.5,-104
0,W,143.0,8.5,-110
0,L,154.0,8.5,100
0,L,103.0,9.5,102
0,L,122.0,7.0,-113
1,L,-166.0,8.0,-108
1,W,-136.0,8.0,-106
1,L,-170.0,8.5,104
1,L,173.0,7.5,118
1,W,-191.0,8.0,100
1,W,-119.0,7.5,102
0,L,109.0,8.5,-105
0,L,140.0,9.5,-103
0,L,-130.0,9.0,110
0,L,203.0,7.5,-106
0,W,128.0,10.5,-113
1,W,-101.0,9.0,-110
1,W,-108.0,9.0,100
1,W,-135.0,7.0,-103
1,W,109.0,7.0,-105
1,W,119.0,8.5,-118
1,W,116.0,8.5,-102
1,L,-106.0,8.5,-120
1,W,-104.0,8.0,-109
1,W,127.0,8.0,-106
0,L,255.0,7.5,105
0,W,105.0,7.5,-104
0,L,210.0,8.5,104
0,W,179.0,9.0,-102
0,L,164.0,9.5,-109
0,L,136.0,10.5,-104
1,L,-252.0,7.5,107
1,L,-119.0,8.5,110
1,W,-129.0,9.0,111
1,L,-111.0,9.0,102
1,L,122.0,8.5,102
1,W,101.0,7.0,-128
1,L,-159.0,7.0,102
0,W,-115.0,5.5,-113
0,L,-107.0,7.5,111
0,L,-120.0,6.5,101
1,L,-163.0,5.5,-112
0,W,-127.0,7.5,105
1,W,-187.0,7.5,-106
1,W,-201.0,7.0,-109
0,L,128.0,7.5,115
0,W,195.0,8.0,-105
0,W,147.0,8.5,100
0,W,101.0,8.5,-111
0,L,-142.0,7.0,107
0,W,-205.0,7.0,100
1,L,-254.0,8.0,-110
1,L,-149.0,9.0,110
1,W,-145.0,8.5,101
1,W,-143.0,7.5,110
1,W,-192.0,8.0,-110
1,W,-198.0,9.5,104
1,W,-146.0,9.5,-121
1,W,-245.0,8.0,-107
0,W,-238.0,8.0,-114
0,W,-153.0,8.0,-102
0,W,-135.0,9.5,-105
0,W,-154.0,7.5,-117
0,L,-106.0,8.5,102
0,W,-229.0,7.5,109
1,W,-247.0,9.0,100
1,W,-165.0,10.0,-103
1,W,-187.0,8.0,109
1,L,-167.0,10.0,-105
1,L,-150.0,9.5,-105
1,W,-278.0,7.5,-124
1,W,-224.0,8.5,109
0,W,108.0,9.0,-108
0,W,102.0,6.5,106
0,W,-106.0,8.5,105
0,L,-143.0,6.5,-118
0,W,-106.0,6.5,102
0,W,115.0,7.5,100
0,W,121.0,6.5,-126
1,L,-166.0,8.5,105
1,L,-340.0,7.0,108
1,L,-270.0,7.5,104
1,L,-175.0,8.5,-118
1,W,-225.0,9.0,104
1,L,100.0,8.0,-110
1,W,-330.0,8.0,-103
1,L,-179.0,8.5,-119
1,W,-108.0,9.0,-110
1,W,-160.0,8.5,-107
0,W,119.0,8.5,-112
0,W,-204.0,7.5,-123
0,L,-121.0,7.5,-127
1,W,108.0,8.5,104
1,W,-135.0,7.5,107
1,L,-107.0,8.5,-130
1,W,-207.0,6.5,-125
1,L,-132.0,7.0,109
1,W,-122.0,8.5,-111
0,W,-119.0,7.5,-110
0,W,124.0,8.5,111
0,W,-185.0,7.5,-116
0,W,-171.0,9.0,-105
0,L,-127.0,9.0,107
0,L,-164.0,8.0,-110
1,W,-147.0,9.5,-101
1,W,-265.0,7.5,-106
1,W,-229.0,8.5,-108
1,W,-133.0,8.5,-105
1,W,-136.0,9.0,102
1,W,135.0,8.5,-109
1,W,-205.0,7.5,-114
0,W,149.0,7.0,-107
0,L,134.0,8.5,-101
0,L,106.0,9.0,102
0,L,-172.0,7.5,103
0,W,-114.0,9.0,-107
0,L,120.0,10.0,103
0,L,124.0,8.5,109
1,W,-174.0,9.0,-113
1,W,-200.0,7.5,-111
1,W,-113.0,9.5,116
1,W,103.0,9.5,-134
1,L,104.0,9.0,105
1,L,-132.0,8.5,-101
1,W,-182.0,7.5,-118
0,L,-133.0,8.5,101
0,W,-108.0,8.0,110
0,L,-141.0,8.5,-119
0,L,-179.0,8.5,-111
0,L,-151.0,7.5,-116
0,W,113.0,9.5,-105
0,L,117.0,9.5,105
0,W,-105.0,9.5,108
0,L,-134.0,9.0,-105
0,W,-204.0,8.5,-117
1,W,-148.0,9.5,-103
1,W,-178.0,10.0,105
1,W,-186.0,10.0,106
1,L,-201.0,8.0,103
1,L,-160.0,9.5,112
1,W,-132.0,10.5,100
0,W,207.0,10.0,-102
0,W,182.0,10.0,100
0,L,105.0,7.5,101
0,W,-107.0,9.5,-118
0,L,144.0,10.0,102
0,L,132.0,10.5,108
1,L,-159.0,6.5,100
1,W,-137.0,9.5,105
1,L,-173.0,9.0,-118
1,L,-152.0,9.5,-108
1,W,-132.0,9.0,112
1,W,-205.0,7.0,101
0,L,133.0,9.0,107
0,L,113.0,7.5,-105
0,L,146.0,7.5,-106
0,L,124.0,8.5,-101
0,W,-109.0,6.5,-110
0,W,104.0,9.5,-119
0,L,-123.0,7.5,-118
0,L,-120.0,8.5,-115
0,L,-125.0,9.5,-108
1,L,-196.0,8.0,-103
1,L,-117.0,10.5,-108
1,W,-140.0,9.5,-111
1,L,-131.0,9.5,-118
1,L,-310.0,8.0,-107
1,W,-185.0,10.0,115
0,W,-148.0,10.0,-121
0,W,-110.0,9.5,-115
0,W,119.0,9.5,-113
0,L,-181.0,8.5,-101
0,W,-105.0,11.0,100
1,W,-199.0,9.0,-102
1,L,-149.0,10.0,-110
1,W,-124.0,10.0,-123
1,W,-218.0,8.0,100
1,W,111.0,10.0,-115
1,W,-106.0,8.5,102
1,L,106.0,9.5,104
1,W,122.0,9.0,110
1,W,-217.0,7.5,-106
1,L,-136.0,10.5,-113
0,W,137.0,7.0,104
0,L,-137.0,9.5,-116
0,L,-145.0,6.5,100
0,L,-102.0,11.0,-106
0,W,106.0,11.0,102
0,L,-173.0,10.5,-112
0,W,142.0,9.5,114
0,W,-147.0,7.5,-105
0,L,147.0,8.5,112
1,L,-185.0,9.5,-110
1,L,-104.0,10.5,-117
1,W,-290.0,8.5,-105
1,L,-244.0,9.5,-107
1,W,-174.0,10.0,110
1,W,-257.0,9.0,-106
0,W,-208.0,7.5,-119
0,W,-148.0,9.5,102
0,W,-162.0,8.5,100
0,L,-142.0,10.5,-115
0,W,-185.0,9.0,-116
0,W,-195.0,7.5,-118
0,W,141.0,7.5,-123
0,L,116.0,8.5,-105
0,L,106.0,7.5,-110
1,L,-107.0,8.5,-111
1,W,134.0,7.0,107
1,L,192.0,7.0,100
1,W,125.0,8.5,-115
1,L,143.0,8.5,-116
1,W,164.0,7.5,-108
1,W,-117.0,8.5,116
1,W,105.0,8.0,-116
1,W,-110.0,7.5,100
1,L,-131.0,8.0,111
0,L,185.0,9.5,104
0,L,137.0,9.5,-121
0,L,228.0,8.0,-107
0,W,164.0,8.0,-106
0,W,185.0,8.0,-103
0,L,185.0,8.5,-104
1,L,-140.0,8.5,111
1,L,105.0,8.5,-111
1,L,-120.0,8.5,-110
1,L,-107.0,8.0,103
1,L,-136.0,8.5,-107
1,W,-139.0,8.0,104
0,W,-105.0,9.5,-133
0,W,-101.0,8.5,107
0,L,105.0,8.5,-111
0,L,139.0,8.5,-104
0,L,144.0,8.5,-116
0,W,146.0,8.5,-116
1,W,160.0,7.5,-104
1,W,-102.0,9.0,104
1,L,138.0,8.5,-102
1,W,160.0,7.5,-102
1,L,101.0,8.5,-120
1,L,-130.0,8.5,-109
1,L,-169.0,8.5,-115
0,L,210.0,9.0,104
0,W,-106.0,8.0,-110
0,L,304.0,8.0,-103
0,W,196.0,8.5,-123
0,L,205.0,7.5,-102
0,L,166.0,8.5,-116
1,W,-176.0,7.5,-109
1,L,-107.0,9.0,-111
1,W,-105.0,9.0,103
1,L,102.0,8.0,-105
1,L,-106.0,9.5,-111
1,L,-180.0,7.0,-115
0,L,169.0,7.5,-130
0,L,158.0,7.5,-123
0,W,207.0,7.5,105
0,L,127.0,9.5,-109
0,L,123.0,9.5,-110
0,W,116.0,9.5,103
1,L,161.0,9.0,-105
1,W,120.0,9.0,107
1,W,154.0,8.0,-110
1,W,128.0,8.5,-104
1,L,138.0,7.5,106
1,W,-130.0,6.5,-104
0,L,137.0,9.5,106
0,L,121.0,9.5,-118
0,L,133.0,9.5,103
0,W,162.0,8.5,-110
0,W,-120.0,7.0,-101
0,L,164.0,9.0,-123
0,L,129.0,9.0,-105
0,L,226.0,7.5,-111
0,W,-114.0,7.0,-131
1,L,-116.0,8.5,-110
1,L,101.0,8.5,-101
1,W,-148.0,6.5,-113
1,L,146.0,7.5,-125
1,W,-101.0,8.5,-101
1,W,103.0,8.0,-108
1,L,-115.0,8.5,-127
1,W,-186.0,6.5,-112
1,L,105.0,8.5,-120
1,W,120.0,8.0,-109
0,L,151.0,8.5,-104
0,L,110.0,6.5,-105
0,L,106.0,9.5,103
0,L,-116.0,9.5,-116
0,L,-116.0,9.0,-118
1,L,-239.0,7.5,-118
1,W,-109.0,9.0,113
1,W,-135.0,9.0,-108
1,L,107.0,9.5,-118
1,L,112.0,8.5,-114
1,L,-175.0,7.5,-120
0,L,173.0,9.0,-103
0,L,201.0,8.0,-111
0,L,162.0,9.5,111
0,W,-187.0,8.0,-105
0,L,111.0,9.0,110
0,L,115.0,9.5,-108
1,W,-148.0,8.5,-102
1,W,-137.0,9.0,112
1,W,-200.0,8.5,100
1,L,126.0,9.0,-110
1,W,106.0,8.5,104
0,L,-126.0,9.0,111
0,L,104.0,8.5,-113
0,L,111.0,8.5,-117
0,W,147.0,7.5,-115
0,L,147.0,7.0,100
0,L,174.0,7.0,-107
0,W,131.0,6.5,-111
0,L,149.0,8.0,112
0,W,227.0,7.0,-102
0,L,116.0,8.5,111
1,W,-120.0,8.5,-108
1,W,-142.0,9.0,100
1,L,-153.0,9.0,-116
1,L,-107.0,9.5,105
1,W,-134.0,9.0,-104
0,L,237.0,7.5,-103
0,L,147.0,8.5,105
0,L,120.0,9.5,100
0,L,139.0,10.5,-103
0,L,227.0,8.5,104
0,W,169.0,10.0,102
0,W,156.0,8.0,-108
0,L,128.0,8.0,-106
0,W,160.0,8.5,104
1,W,105.0,9.0,-115
1,W,159.0,8.5,-106
1,L,-104.0,9.0,110
1,W,119.0,8.5,-111
1,L,149.0,8.0,-113
0,L,198.0,8.5,104
0,L,133.0,9.5,-109
0,W,191.0,8.5,-103
0,W,192.0,8.0,107
0,W,150.0,8.0,-107
0,L,140.0,8.0,-110
1,W,140.0,9.5,-109
1,L,160.0,9.0,-116
1,W,119.0,10.0,-112
1,L,161.0,8.5,101
1,W,-101.0,9.0,110
1,L,137.0,9.0,105
1,W,133.0,9.5,-106
1,L,-117.0,9.5,103
1,W,142.0,10.0,111
1,W,134.0,9.5,-105
0,W,227.0,9.5,-107
0,L,163.0,10.0,110
0,L,239.0,9.0,-106
0,W,235.0,7.5,107
0,W,112.0,8.5,110
0,L,122.0,9.0,111
1,W,134.0,10.5,-115
1,L,173.0,9.0,-116
1,L,183.0,7.5,-118
1,W,-136.0,8.0,102
1,W,-105.0,8.5,-123
1,L,115.0,8.0,103
1,W,134.0,7.5,106
1,W,125.0,9.0,-126
1,W,-104.0,8.5,-102
1,L,114.0,8.5,-123
0,W,191.0,8.0,-104
0,W,129.0,8.5,106
0,L,136.0,7.0,103
0,L,122.0,7.0,-102
1,L,-141.0,8.5,-105
1,L,146.0,8.5,-114
1,L,-105.0,8.0,-102
1,L,-107.0,8.5,-118
1,L,-101.0,8.5,-110
1,L,-108.0,8.0,-110
1,W,-170.0,9.5,-109
1,L,-222.0,9.0,111
1,W,-219.0,9.0,109
0,L,-121.0,8.5,105
0,L,-140.0,8.5,-102
0,L,156.0,8.5,100
0,W,123.0,7.5,105
0,W,131.0,9.0,-104
0,W,116.0,9.0,-103
0,W,149.0,8.0,-112
0,W,-121.0,9.5,100
0,W,-122.0,8.5,-108
0,W,-124.0,9.0,-105
1,L,-123.0,9.5,106
1,L,126.0,8.5,-104
1,W,129.0,10.0,-110
1,W,-186.0,9.0,-102
1,L,-172.0,9.0,-128
1,W,-166.0,8.5,106
0,L,-106.0,7.5,-126
0,W,-124.0,9.5,-103
0,L,-117.0,9.5,100
0,W,146.0,8.0,-117
0,L,137.0,7.0,-127
0,L,115.0,7.5,-101
1,L,-135.0,10.0,-111
1,L,-157.0,9.0,-109
1,W,-146.0,9.5,-102
1,L,-119.0,7.5,110
1,W,-169.0,9.5,-104
1,L,105.0,9.0,-103
0,L,-128.0,9.0,103
0,L,-121.0,8.5,-110
0,W,-169.0,9.0,-106
0,L,-161.0,9.0,-121
0,W,142.0,8.5,-106
0,W,111.0,9.0,-103
0,L,106.0,9.0,-110
0,W,-103.0,8.5,-104
1,W,-165.0,8.0,111
1,L,-159.0,7.5,-118
1,W,106.0,9.0,-125
1,W,-168.0,9.0,-121
1,W,-168.0,8.5,-109
1,W,-243.0,9.0,-102
1,W,-118.0,6.5,-121
0,L,142.0,8.0,116
0,L,117.0,8.0,-102
0,W,136.0,7.0,104
0,L,127.0,6.5,-111
0,W,-120.0,7.5,-116
0,W,-107.0,8.5,111
0,L,-101.0,9.5,-103
0,L,137.0,8.5,107
0,L,124.0,8.0,100
0,W,108.0,8.5,-110
1,W,-165.0,9.5,-105
1,W,-177.0,8.5,-103
1,W,-150.0,9.0,113
1,W,-130.0,8.5,-121
1,W,-125.0,9.5,-105
1,W,101.0,7.5,105
1,W,-151.0,9.0,-115
0,W,150.0,10.0,-115
0,L,151.0,9.5,-128
0,W,183.0,9.5,-117
0,L,116.0,7.0,106
0,W,-123.0,8.5,-102
0,L,-120.0,9.5,-115
1,L,-138.0,7.5,-117
1,W,-131.0,9.0,-128
1,W,-157.0,8.5,-118
1,W,-103.0,9.0,-126
1,W,106.0,8.0,-101
1,W,106.0,8.0,-103
0,W,-114.0,9.5,-118
0,W,-119.0,8.5,-114
0,W,164.0,7.5,-120
0,W,-120.0,8.5,107
0,W,-135.0,7.5,-107
0,W,-117.0,8.5,101
0,L,129.0,8.5,-117
0,W,139.0,8.5,107
0,W,102.0,10.5,-109
1,W,-126.0,9.0,104
1,W,-117.0,9.5,102
1,W,-156.0,9.0,-105
1,L,-154.0,9.0,-105
1,L,-179.0,8.5,-104
1,W,105.0,9.0,-116
1,L,-124.0,9.0,-113
1,L,-120.0,8.5,-107
0,W,165.0,8.0,107
0,L,134.0,8.0,-111
0,W,206.0,8.5,104
0,L,171.0,9.0,-114
0,W,-107.0,8.0,-106
0,L,-130.0,9.0,102
0,W,-131.0,8.0,-103
1,L,122.0,8.5,-111
1,W,-127.0,9.0,-108
1,L,-136.0,8.5,-102
1,L,-152.0,8.5,116
0,W,136.0,7.5,-104
0,L,-102.0,9.0,-122
0,W,-138.0,8.0,100
0,L,-124.0,9.0,-109
0,L,132.0,8.0,-110
0,W,166.0,9.0,-124
1,L,-113.0,8.5,110
1,W,-133.0,8.0,-115
1,L,-107.0,8.5,111
1,L,-173.0,8.5,103
1,W,-143.0,9.0,107
1,W,-175.0,9.0,-105
0,L,187.0,9.5,113
0,W,139.0,9.0,-109
0,L,210.0,9.5,-110
0,W,114.0,9.5,111
0,L,114.0,9.0,-110
0,L,131.0,9.0,-125
1,W,-145.0,8.0,-103
1,W,103.0,8.5,-113
1,W,-152.0,8.5,-103
1,L,102.0,8.0,-105
1,L,-110.0,8.0,104
1,W,103.0,8.0,-111
0,L,-103.0,7.5,-113
0,L,-127.0,8.0,-121
0,L,-148.0,8.5,-103
0,L,110.0,9.5,-104
0,W,-119.0,8.0,-102
0,L,112.0,8.5,106
0,W,-127.0,8.0,-115
1,W,-126.0,8.5,-110
1,L,129.0,9.5,-108
1,L,-109.0,8.0,-112
1,L,-133.0,8.5,-123
1,W,-136.0,9.0,-111
0,L,128.0,8.0,102
0,L,-101.0,8.5,-123
0,W,-122.0,8.0,103
1,W,129.0,7.5,-115
1,W,123.0,8.0,-110
1,W,-137.0,8.5,-113
1,W,-130.0,8.5,-117
1,W,118.0,7.5,-102
1,W,-118.0,9.0,104
1,L,-145.0,9.5,-114
0,L,100.0,8.0,-119
0,L,132.0,7.5,-119
0,L,172.0,8.5,-105
0,L,112.0,9.0,108
0,W,-113.0,9.0,105
0,W,-101.0,8.5,100
1,W,-105.0,7.5,105
1,L,128.0,7.5,104
1,W,-122.0,9.0,-120
1,L,123.0,9.0,-126
1,L,105.0,9.0,101
1,W,126.0,8.5,-116
0,L,127.0,9.0,-110
0,W,125.0,8.5,-107
0,W,163.0,7.5,104
0,L,179.0,6.5,-104
0,W,110.0,7.5,102
0,L,112.0,7.0,104
0,W,141.0,7.5,102
1,L,114.0,9.5,100
1,L,115.0,8.5,-108
1,L,117.0,9.0,-105
1,L,-140.0,8.5,118
1,W,118.0,7.5,-107
1,W,-129.0,8.5,104
1,W,109.0,8.0,101
1,L,130.0,7.5,-111
1,L,103.0,7.5,100
0,L,173.0,7.5,-103
0,L,155.0,8.0,-116
0,L,127.0,9.5,-106
0,W,101.0,9.0,-121
0,L,-103.0,8.5,106
0,L,150.0,7.5,-129
1,W,130.0,7.5,102
1,L,-116.0,8.5,-108
1,L,-150.0,8.5,-114
1,W,-122.0,9.5,-107
1,L,-133.0,9.0,-120
1,L,-137.0,9.0,-106
1,L,138.0,9.5,-105
1,L,126.0,8.0,-120
1,W,157.0,8.0,-116
0,L,185.0,9.0,103
0,W,230.0,8.5,-116
0,L,223.0,9.5,102
0,W,183.0,9.0,101
0,W,196.0,8.5,-105
0,L,175.0,8.5,100
1,L,136.0,9.5,-115
1,L,146.0,9.0,107
1,W,224.0,9.0,104
1,L,160.0,9.0,106
1,L,126.0,9.0,-102
1,W,142.0,9.0,-109
0,L,184.0,8.0,-107
0,W,164.0,9.5,-116
0,W,180.0,9.0,-104
1,W,127.0,10.0,-109
1,W,117.0,9.5,-115
1,W,138.0,8.0,104
1,W,134.0,8.5,-101
0,L,224.0,8.5,104
0,L,228.0,9.0,105
0,W,185.0,8.5,113
0,L,185.0,9.0,-110
0,L,200.0,9.5,-121
0,L,195.0,9.5,-103
0,W,187.0,11.0,-103
1,L,-112.0,9.0,101
1,L,108.0,8.5,102
1,W,117.0,8.0,-115
1,W,107.0,10.0,-115
1,W,106.0,8.0,111
1,W,142.0,8.5,-101
0,W,159.0,9.5,-107
0,L,126.0,9.5,-108
0,L,181.0,9.5,-102
0,L,139.0,9.5,-103
0,L,167.0,10.0,105
0,L,174.0,10.0,106
0,L,-125.0,8.5,100
0,L,111.0,9.0,-105
0,W,111.0,8.0,-123
1,L,-110.0,9.0,105
1,L,-102.0,9.0,-112
1,L,121.0,8.0,-116
1,L,175.0,8.0,-105
1,W,-118.0,9.0,110
1,W,-122.0,9.5,-108
1,W,183.0,8.5,-111
1,W,161.0,9.0,102
1,L,149.0,9.5,-102
1,L,139.0,9.0,100
0,L,147.0,9.0,-105
0,W,145.0,9.0,-105
0,W,168.0,8.5,-104
0,L,173.0,9.5,-108
0,L,147.0,9.0,110
0,W,160.0,9.0,-113
0,L,233.0,9.5,-114
0,W,291.0,9.0,-106
0,L,219.0,9.0,102
1,L,101.0,8.0,-106
1,W,122.0,9.0,102
1,L,123.0,8.0,-103
1,W,121.0,9.5,-105
1,L,-104.0,8.5,105
1,L,102.0,9.0,-102
1,L,-139.0,9.0,-113
1,L,-135.0,9.0,111
0,L,241.0,8.5,-113
0,L,181.0,8.5,-110
0,W,-113.0,9.5,-117
0,W,130.0,8.5,-123
0,L,110.0,8.5,-111
0,L,180.0,8.0,-112
0,W,-107.0,9.0,109
0,W,110.0,9.0,108
1,W,105.0,8.5,-120
1,L,138.0,8.0,113
1,L,-133.0,8.5,-124
1,L,115.0,8.0,106
1,L,-107.0,9.0,-101
1,L,144.0,8.5,-103
1,W,-114.0,10.0,-110
1,L,106.0,9.0,-114
0,L,155.0,9.0,105
0,W,142.0,9.0,-113
0,L,176.0,8.5,114
0,L,122.0,8.5,-101
0,W,153.0,7.5,-104
0,L,135.0,7.5,111
0,L,151.0,8.5,-103
0,L,142.0,9.5,-101
1,W,-103.0,7.5,-113
1,W,120.0,8.0,-121
1,W,139.0,8.5,-103
1,W,103.0,8.5,110
1,L,-109.0,8.5,-106
1,L,116.0,8.0,107
0,L,196.0,8.0,105
0,L,113.0,9.5,-126
0,L,165.0,8.5,-101
0,W,125.0,8.5,-123
0,L,128.0,9.0,-111
0,W,146.0,8.5,-106
0,L,146.0,8.5,-116
0,L,136.0,8.0,-106
0,L,113.0,9.0,107
0,L,-137.0,7.5,-115
0,L,-131.0,8.0,-110
0,L,129.0,8.5,-113
1,W,-118.0,8.5,-114
1,W,-107.0,8.5,-119
1,W,-160.0,7.5,-105
1,W,-210.0,8.5,-106
1,L,-150.0,9.5,104
1,W,-115.0,7.5,102
0,W,133.0,8.5,-105
0,W,-155.0,8.5,-114
0,W,-101.0,8.0,-102
0,L,162.0,9.5,107
0,L,150.0,9.5,110
1,W,-220.0,8.5,-110
1,L,-169.0,7.5,100
1,W,114.0,8.5,105
1,W,132.0,8.5,-102
1,W,-166.0,8.5,100
1,L,-131.0,7.5,105
0,L,-123.0,9.0,100
0,W,-119.0,9.0,-107
0,W,160.0,8.0,106
0,W,106.0,7.5,118
0,L,129.0,7.0,106
0,L,157.0,8.5,-106
0,W,124.0,9.5,105
0,L,122.0,7.5,100
0,W,125.0,7.5,-108
1,L,-185.0,9.0,-106
1,W,-167.0,9.0,-107
1,W,-162.0,9.5,-110
1,W,-185.0,7.5,-103
1,W,-165.0,8.0,-116
1,W,-135.0,9.5,-106
0,L,219.0,9.5,-107
0,L,162.0,9.5,-101
0,L,166.0,7.5,-101
0,W,163.0,9.0,109
0,W,127.0,10.0,-111
0,W,148.0,9.0,-109
0,L,137.0,9.5,-102
1,W,-106.0,7.5,-105
1,L,102.0,8.5,-108
1,L,143.0,8.5,-125
1,W,-126.0,9.5,103
1,L,-133.0,9.5,109
1,L,-121.0,7.0,100
1,L,-151.0,8.5,-106
1,L,-118.0,9.0,-103
1,W,-113.0,9.0,-110
1,L,-103.0,8.5,-104
0,L,130.0,8.0,-108
0,L,169.0,8.5,-113
0,W,235.0,8.5,-110
0,L,220.0,8.0,-110
0,L,204.0,8.5,-107
0,L,135.0,7.5,-119
0,L,169.0,8.0,-103
1,W,-112.0,9.0,105
1,L,105.0,8.5,103
1,L,-105.0,8.5,-107
1,W,-151.0,7.5,-104
1,W,101.0,8.5,-106
1,L,111.0,9.5,-118
1,L,-114.0,9.5,-123
0,L,-135.0,10.0,-109
0,L,-124.0,9.5,-115
0,L,-147.0,8.0,104
0,L,-142.0,8.5,-101
1,W,-137.0,9.5,-121
1,W,-134.0,7.5,-110
1,W,-226.0,9.0,-105
1,W,-180.0,10.0,-106
1,W,-184.0,9.0,-109
1,L,106.0,7.0,-137
1,W,-183.0,7.5,-104
1,W,-164.0,8.5,-127
0,L,129.0,9.0,-109
0,L,132.0,9.5,-117
0,W,159.0,8.0,-109
0,W,106.0,7.0,-116
0,L,106.0,9.0,-111
0,L,146.0,9.0,-112
0,W,119.0,8.0,-118
0,L,105.0,8.5,100
0,L,-141.0,7.5,116
1,W,-149.0,9.0,-108
1,L,-135.0,9.5,-108
1,W,-201.0,9.5,-117
1,W,-185.0,9.0,-103
1,W,-215.0,8.0,-111
1,W,-173.0,9.5,111
1,W,-188.0,9.0,101
1,W,-175.0,9.0,-130
0,L,119.0,9.0,104
0,L,110.0,9.5,102
0,W,-154.0,8.5,-117
0,L,-136.0,9.0,-112
1,W,-185.0,9.5,-108
1,W,-156.0,9.0,110
1,L,-170.0,9.0,-113
1,L,-180.0,8.0,111
1,W,-127.0,8.5,101
1,L,-117.0,9.0,100
0,L,109.0,7.5,109
0,L,-114.0,6.5,-120
0,L,126.0,8.0,104
0,L,172.0,8.5,-101
0,W,100.0,8.0,-108
0,W,-114.0,7.0,-102
1,L,-144.0,7.5,-104
1,W,129.0,9.5,-123
1,W,165.0,9.0,102
1,W,113.0,7.5,-116
1,L,171.0,9.0,-108
1,W,129.0,10.0,-119
1,W,142.0,10.5,-105
0,L,-111.0,8.5,-120
0,W,-147.0,8.0,113
0,L,137.0,10.0,-126
0,L,125.0,9.5,109
0,L,125.0,9.0,113
1,W,-112.0,8.0,-116
1,W,-111.0,9.5,-109
1,W,103.0,9.0,-109
1,W,116.0,9.5,-108
1,W,-109.0,8.5,110
1,L,-104.0,8.5,-111
0,W,122.0,9.5,-127
0,L,136.0,9.5,-103
0,W,174.0,9.5,-123
0,W,-109.0,8.5,-110
0,W,164.0,9.0,-105
0,L,122.0,9.0,-108
0,L,168.0,9.5,-104
0,W,-122.0,8.0,110
0,L,-133.0,7.5,-118
0,L,160.0,7.0,-120
1,L,-178.0,9.5,102
1,W,-115.0,9.5,102
1,L,-180.0,8.0,-123
1,W,-210.0,8.0,105
1,W,-120.0,9.5,-126
1,W,-176.0,8.5,-101
0,W,111.0,9.0,-120
0,L,-124.0,8.5,-110
0,W,113.0,7.0,104
1,L,146.0,9.0,-127
1,L,132.0,9.0,-108
1,W,136.0,8.5,100
1,W,118.0,7.5,111
1,L,-111.0,8.5,-105
1,W,115.0,9.5,104
1,W,110.0,8.5,-111
0,L,122.0,8.5,-117
0,L,-125.0,7.5,-102
0,L,111.0,9.0,104
0,W,136.0,9.5,-114
0,L,196.0,8.5,-106
0,W,141.0,9.5,104
0,L,108.0,7.5,102
1,W,-119.0,9.0,108
1,L,106.0,9.0,105
1,L,-105.0,8.5,100
1,W,134.0,8.0,-106
1,W,-115.0,7.0,-110
1,L,104.0,8.5,-101
0,L,160.0,9.5,-109
0,W,207.0,9.0,111
0,L,205.0,9.0,109
0,L,147.0,7.5,-126
0,L,260.0,8.0,-116
0,L,183.0,8.5,-120
1,W,116.0,9.0,100
1,L,112.0,9.0,-107
1,L,-170.0,8.0,106
1,L,145.0,9.0,100
1,W,183.0,8.0,-108
1,L,157.0,9.0,102
0,W,132.0,8.5,118
0,L,-125.0,7.5,-107
0,L,122.0,8.5,104
0,W,173.0,9.0,-106
0,L,157.0,9.0,-107
0,L,152.0,9.5,-110
1,W,100.0,7.5,-126
1,L,117.0,9.5,-103
1,W,110.0,9.5,100
1,L,-107.0,9.0,-121
1,W,-103.0,8.5,106
1,W,-160.0,7.5,-129
1,W,196.0,10.0,-115
1,L,220.0,9.5,-109
1,W,171.0,10.0,107
1,L,224.0,9.0,-105
0,L,157.0,7.0,-117
0,L,226.0,8.5,-119
0,L,205.0,8.5,102
0,L,146.0,7.5,-110
0,W,111.0,8.0,-103
0,L,-148.0,7.0,-106
0,L,176.0,7.5,-113
0,W,161.0,8.0,102
0,L,207.0,7.5,103
1,W,-134.0,10.0,-118
1,W,-220.0,8.5,106
1,W,-128.0,9.5,-117
1,L,-119.0,9.5,102
1,L,122.0,9.5,-101
1,L,139.0,9.0,-109
1,L,-107.0,7.5,110
0,L,269.0,10.0,102
0,L,227.0,10.0,-111
0,L,262.0,9.0,-109
1,W,-152.0,8.0,-113
1,L,100.0,10.0,102
1,L,-109.0,9.5,-111
1,L,113.0,8.5,-123
1,L,-160.0,7.5,103
0,L,155.0,9.5,-105
0,L,166.0,8.5,-103
0,L,141.0,9.0,113
0,W,139.0,8.0,-106
0,W,-106.0,7.5,-113
0,W,197.0,7.0,111
0,L,170.0,9.0,111
0,W,161.0,9.0,-116
0,W,141.0,9.5,-110
1,W,-123.0,7.0,106
1,L,116.0,8.5,-102
1,W,113.0,9.5,-115
1,W,129.0,9.0,-104
1,L,112.0,9.5,105
1,W,-153.0,8.5,-103
0,W,223.0,7.5,-118
0,L,103.0,9.0,113
0,L,127.0,9.0,-108
0,L,165.0,9.5,-105
0,L,131.0,8.0,119
0,L,193.0,9.0,104
1,W,-102.0,9.5,100
1,L,107.0,8.5,-115
1,W,-113.0,9.0,-106
0,W,-106.0,8.5,-102
0,L,163.0,8.5,-112
0,W,145.0,9.0,102
0,W,182.0,9.0,113
0,L,166.0,9.0,-104
0,L,133.0,8.0,102
1,L,145.0,8.5,-117
1,W,128.0,9.0,-112
1,L,-116.0,7.5,114
1,L,-105.0,9.5,-105
1,W,101.0,9.5,-108
1,L,102.0,9.0,-116
0,L,137.0,8.5,-120
0,W,175.0,9.5,103
0,W,185.0,9.5,-115
1,W,110.0,9.5,-103
1,L,130.0,9.5,102
1,L,-143.0,8.0,-101
1,L,103.0,9.0,100
1,W,110.0,9.5,102
0,W,131.0,9.0,-113
0,W,127.0,9.0,111
0,L,-140.0,7.5,-125
0,W,122.0,9.0,-109
1,W,-104.0,9.0,-122
1,L,130.0,8.0,100
1,W,117.0,9.0,-109
1,W,-192.0,8.0,-112
1,L,101.0,9.0,109
1,L,-117.0,9.0,108
0,L,153.0,9.5,105
0,L,188.0,9.5,-116
0,L,102.0,8.0,-105
0,L,134.0,9.5,-115
0,L,135.0,9.0,107
0,L,164.0,9.0,-105
0,L,136.0,8.0,-118
0,W,260.0,9.0,-101
0,W,242.0,9.5,-107
0,L,215.0,8.5,-113
1,L,109.0,9.5,102
1,L,-196.0,7.5,-111
1,W,154.0,7.5,-113
1,W,128.0,9.0,101
1,L,100.0,10.0,-124
1,L,122.0,10.0,-109
0,W,104.0,7.5,-114
0,L,136.0,9.0,102
0,L,107.0,9.5,109
0,W,171.0,9.5,114
0,L,171.0,9.5,-108
0,L,126.0,7.5,-104
0,W,167.0,9.5,102
0,L,108.0,9.5,102
0,W,169.0,8.0,-123
1,L,152.0,9.0,-107
1,L,101.0,7.0,-113
1,W,142.0,9.5,-107
1,L,-118.0,9.0,-120
1,W,117.0,8.5,-110
1,L,-120.0,7.0,104
0,L,166.0,9.0,110
1,L,110.0,9.0,-108
1,L,136.0,7.5,105
1,L,-122.0,8.5,-105
1,W,-109.0,7.5,-104
1,L,-124.0,8.5,-107
1,L,-160.0,8.0,101
0,W,105.0,8.5,-105
0,L,-122.0,9.5,104
0,L,-117.0,8.5,-111
0,L,111.0,8.5,-114
0,L,101.0,8.5,-119
0,L,150.0,7.5,-105
1,W,-106.0,8.0,-119
1,W,-140.0,7.5,-119
1,W,-183.0,8.5,-105
1,L,-198.0,7.5,108
1,W,-128.0,8.0,-128
1,L,-107.0,7.5,-108
0,W,101.0,8.5,-118
0,W,-105.0,8.5,-110
0,W,102.0,8.0,-110
0,W,-131.0,9.0,-126
0,W,-111.0,9.0,101
0,L,-134.0,8.5,-116
1,W,-156.0,7.5,-126
1,W,-280.0,8.0,-116
1,W,-195.0,8.5,-120
1,W,116.0,8.5,109
1,W,-104.0,7.5,102
1,W,104.0,9.5,-104
1,L,-113.0,7.5,118
1,W,-137.0,7.0,106
1,W,-167.0,8.5,-106
0,L,-142.0,8.0,-113
0,W,-106.0,8.5,-102
0,W,-115.0,7.0,-113
0,W,136.0,7.5,-111
0,L,141.0,8.5,102
0,L,138.0,8.5,-101
0,L,136.0,10.5,106
1,W,-115.0,7.5,103
1,L,-187.0,9.5,104
1,W,-130.0,8.0,-123
1,L,-155.0,8.0,-117
1,W,-146.0,7.0,-127
1,W,-122.0,7.5,-101
1,W,-151.0,8.5,-119
1,W,-128.0,8.0,104
1,W,-150.0,8.0,-101
0,W,112.0,7.5,110
0,L,159.0,9.5,-104
0,W,-111.0,9.0,-103
0,W,-147.0,9.5,-105
0,W,-134.0,8.0,-120
0,L,-167.0,8.0,-116
0,W,140.0,8.5,-116
0,W,171.0,8.0,-101
0,L,148.0,8.0,-123
0,L,114.0,8.0,-106
1,W,-296.0,8.5,-103
1,W,-116.0,7.5,-104
0,W,-130.0,9.5,-101
0,W,-148.0,9.0,-109
0,W,101.0,7.5,110
0,W,-115.0,9.5,101
0,L,-130.0,9.5,100
0,W,-145.0,9.0,-105
1,W,-196.0,8.0,-107
1,L,-175.0,9.5,-116
1,L,-192.0,9.0,-104
1,W,-105.0,9.5,-103
1,W,-146.0,8.5,107
1,W,-132.0,8.0,100
1,L,-115.0,8.5,-110
0,L,129.0,9.5,-121
0,L,126.0,7.5,-110
0,L,101.0,9.0,-112
0,W,-124.0,9.5,100
1,L,106.0,9.5,-103
1,L,-143.0,8.5,-121
1,W,111.0,8.0,-102
1,L,-111.0,8.0,-116
1,W,-137.0,9.0,-109
1,W,-140.0,9.5,-117
1,L,-169.0,8.0,-109
0,L,-101.0,8.0,-105
0,W,120.0,7.5,-108
0,L,110.0,8.0,-103
0,L,149.0,8.5,-108
0,L,-135.0,8.5,-105
0,L,-128.0,9.0,-113
0,W,188.0,8.0,103
0,W,150.0,9.5,112
0,L,124.0,10.5,100
1,L,102.0,7.0,-113
1,W,-138.0,9.0,-120
1,W,-154.0,9.0,102
1,L,-136.0,8.5,100
1,L,-115.0,9.5,-102
1,W,-147.0,8.0,-102
1,L,-194.0,9.0,113
1,W,-177.0,9.0,-104
1,W,-141.0,8.0,102
0,L,144.0,8.0,-108
0,W,-113.0,7.5,107
0,W,100.0,7.5,100
0,L,122.0,7.0,101
0,L,126.0,7.0,-110
0,W,-122.0,7.0,-129
1,W,-132.0,8.5,113
1,W,-119.0,8.5,-118
1,W,-122.0,9.0,-121
1,W,101.0,9.0,-111
1,L,-133.0,8.5,-121
1,L,-104.0,9.5,-105
1,L,-185.0,10.0,-121
1,W,-123.0,9.0,-114
1,W,-168.0,9.5,-120
0,L,111.0,9.5,-106
0,L,109.0,8.0,-115
0,W,-108.0,9.5,-103
0,W,128.0,10.5,110
0,L,123.0,9.0,101
0,L,156.0,9.0,-114
1,W,-140.0,8.0,-110
1,L,-177.0,9.0,-124
1,W,-147.0,8.5,111
1,W,-175.0,8.5,-103
1,L,-223.0,8.0,-105
1,L,-202.0,9.5,-116
1,W,-146.0,10.0,-126
1,W,-133.0,9.5,109
1,W,-133.0,9.0,113
0,W,-153.0,8.5,-103
0,L,107.0,10.0,-110
0,W,-113.0,9.0,-114
0,L,-123.0,9.5,-108
0,L,103.0,8.5,110
0,W,-102.0,8.5,-111
0,L,-136.0,9.0,101
0,W,-106.0,10.0,-124
0,W,-130.0,10.0,-109
1,W,-161.0,8.5,-103
1,W,-151.0,9.5,-101
1,L,-182.0,9.5,114
1,W,-182.0,9.5,-108
1,W,-134.0,7.5,-104
1,W,-119.0,9.5,102
1,W,120.0,9.0,-114
0,L,119.0,8.5,-110
0,W,-137.0,9.5,-108
0,W,103.0,8.0,-112
0,W,113.0,9.5,103
0,W,125.0,9.5,-101
0,W,131.0,10.0,-111
0,L,-118.0,8.0,-109
0,W,-101.0,7.0,-105
0,W,129.0,8.0,100
0,W,155.0,7.5,-125
0,L,135.0,6.5,106
0,W,152.0,6.5,106
0,W,122.0,6.5,-116
1,L,122.0,8.0,-104
1,W,152.0,7.5,-104
1,L,164.0,11.5,-115
1,L,-113.0,12.5,-110
1,W,110.0,8.0,-117
1,L,115.0,8.5,101
0,W,119.0,9.5,111
0,W,149.0,8.5,-116
0,W,-106.0,8.0,-116
0,W,159.0,7.0,-101
0,W,201.0,7.0,-108
0,W,205.0,9.0,-123
0,L,183.0,8.5,-117
0,W,107.0,8.5,-121
0,W,113.0,9.0,-111
1,L,-116.0,7.5,-123
1,L,-125.0,11.0,101
1,W,111.0,12.5,125
1,L,-149.0,9.0,-110
1,W,-134.0,8.5,100
1,W,-105.0,10.0,-101
1,W,-155.0,10.5,-121
1,L,-191.0,10.5,105
1,W,-152.0,9.5,-123
0,L,186.0,9.0,-107
0,W,175.0,8.5,-109
0,L,152.0,8.5,-103
0,W,-107.0,8.5,-120
0,W,122.0,8.5,-109
0,W,159.0,8.5,-115
1,L,121.0,7.5,-113
1,W,146.0,7.5,106
1,L,121.0,10.5,-113
1,L,131.0,9.5,-105
1,L,108.0,9.0,105
1,L,103.0,9.0,102
0,W,129.0,8.5,-113
0,W,224.0,7.5,108
0,L,167.0,7.0,-107
0,L,154.0,7.5,113
0,W,185.0,6.5,-110
0,L,153.0,7.5,106
1,L,117.0,11.5,-105
1,L,-109.0,9.0,105
1,L,109.0,8.5,-109
1,W,-143.0,9.0,107
1,L,-109.0,9.5,108
1,L,106.0,8.0,-114
0,L,141.0,9.0,-121
0,L,146.0,9.0,-116
0,L,121.0,9.0,-102
0,L,-137.0,7.5,-104
0,W,-128.0,9.0,-113
1,L,116.0,6.5,-122
1,W,-128.0,12.0,-107
1,W,-163.0,12.0,113
1,L,-174.0,7.5,-104
1,W,-229.0,9.0,103
1,L,-159.0,8.0,101
1,W,161.0,7.5,103
1,L,107.0,9.0,-107
1,W,-127.0,10.0,103
1,W,-132.0,8.5,109
0,L,136.0,7.5,-128
0,W,132.0,8.0,-114
0,L,144.0,7.0,-102
0,L,169.0,7.0,-134
0,W,101.0,9.0,120
0,W,-107.0,9.5,-101
0,W,116.0,9.0,-102
1,L,-130.0,11.0,-118
1,W,108.0,9.0,-115
1,L,-139.0,9.0,-104
1,L,-133.0,8.0,-111
1,L,-172.0,9.0,-126
1,W,-195.0,7.5,-105
1,L,-181.0,8.0,-102
0,W,130.0,7.5,-117
0,L,123.0,9.0,-128
0,L,148.0,8.5,-118
0,W,148.0,6.5,-107
0,L,167.0,6.5,-113
0,L,-104.0,7.0,-109
1,W,-140.0,9.0,-102
1,L,-103.0,9.0,106
1,L,-122.0,11.5,-105
1,W,-126.0,8.5,-118
1,L,-123.0,8.5,106
1,W,-137.0,8.5,-117
1,L,-148.0,8.5,107
1,L,-108.0,10.5,-109
0,L,-130.0,8.5,-111
0,W,-104.0,8.5,-115
0,L,146.0,7.5,-105
0,W,-147.0,8.5,-117
0,L,-116.0,7.5,-104
0,W,106.0,6.5,-107
0,L,-122.0,8.0,-116
0,L,-146.0,8.5,-117
0,L,-130.0,8.5,-105
1,L,106.0,7.0,-109
1,W,-127.0,8.5,107
1,L,102.0,6.5,101
1,W,-113.0,7.0,-101
1,L,-107.0,7.5,-104
1,W,-107.0,7.5,-109
0,W,172.0,9.5,-104
0,W,136.0,9.5,-121
0,L,158.0,9.5,-114
0,W,123.0,9.5,-118
1,W,-121.0,7.5,100
1,W,-200.0,7.5,-102
1,L,-212.0,7.5,-109
1,L,-199.0,10.0,-120
1,W,-113.0,8.0,108
1,L,-123.0,8.5,-115
1,L,-151.0,9.0,-112
0,L,-102.0,8.5,-110
0,W,118.0,9.0,-102
0,L,-190.0,8.5,-114
0,L,-151.0,9.0,-121
0,L,-149.0,8.0,107
1,W,-134.0,10.0,101
1,W,105.0,11.0,101
1,W,-160.0,14.5,-104
1,L,-151.0,13.0,-115
1,L,-205.0,8.0,107
1,L,-160.0,8.0,-107
1,W,-149.0,8.0,-110
0,W,108.0,8.5,-120
0,W,100.0,9.0,-118
0,W,100.0,8.5,-120
0,L,-102.0,8.0,-109
0,L,-135.0,8.0,-106
1,L,-188.0,7.0,101
1,L,-139.0,7.5,-134
1,L,-161.0,11.5,-121
1,W,-137.0,10.5,101
1,W,-163.0,9.0,-109
0,L,-110.0,9.0,-109
0,W,-103.0,8.5,-106
0,W,164.0,8.0,-116
0,L,135.0,8.0,100
0,L,117.0,8.5,101
1,L,120.0,7.5,105
0,L,175.0,7.5,-106
0,L,188.0,7.0,-109
1,W,-101.0,8.5,-120
1,W,-116.0,8.0,-123
1,L,-151.0,8.5,102
1,W,-137.0,7.5,101
1,L,-105.0,7.5,-111
1,W,-160.0,7.5,-115
0,W,118.0,7.0,-117
0,L,-103.0,8.0,106
0,W,-120.0,8.5,-101
0,W,-102.0,8.5,100
0,W,-129.0,8.0,-108
0,L,-104.0,7.0,102
1,L,-172.0,9.0,-115
1,W,-175.0,9.0,-109
1,L,-149.0,8.0,-121
1,W,-167.0,8.5,107
1,L,-240.0,9.0,-115
1,W,-212.0,8.5,100
0,L,118.0,8.5,-110
0,L,110.0,10.0,100
0,L,127.0,9.0,-107
0,L,180.0,8.5,-117
0,L,158.0,7.5,-110
0,L,125.0,7.5,-109
1,W,-160.0,9.5,-103
1,W,102.0,9.0,-109
1,W,-140.0,9.5,-118
1,W,-199.0,9.0,-107
1,L,-187.0,8.5,-109
1,W,-162.0,8.5,-103
0,W,109.0,7.5,-111
0,L,105.0,7.5,-105
0,L,124.0,7.5,-123
0,L,106.0,7.0,-107
0,W,-106.0,8.0,-102
0,W,-130.0,9.0,-106
0,W,-123.0,9.5,-103
0,W,-101.0,9.0,-106
1,W,-120.0,9.5,-121
1,W,-168.0,9.5,104
1,W,123.0,7.5,100
1,L,116.0,7.5,-110
1,L,-130.0,8.5,-119
1,L,127.0,7.5,-117
0,W,-124.0,11.5,-105
0,W,103.0,9.0,105
0,W,-116.0,8.5,-109
0,W,-153.0,7.5,-114
0,L,-124.0,8.0,102
0,W,-138.0,7.5,100
1,W,110.0,8.5,-108
1,W,-106.0,8.5,100
1,L,-128.0,8.5,105
0,W,-115.0,8.5,-104
0,W,147.0,7.5,-103
0,L,-103.0,9.0,-119
0,L,-121.0,8.5,-111
0,W,101.0,6.5,-121
0,W,-140.0,8.0,-106
1,L,-173.0,8.5,-110
1,L,113.0,7.0,-101
1,W,-175.0,9.0,-123
1,L,-145.0,8.5,-104
1,W,-116.0,8.5,-117
1,W,-124.0,8.5,105
0,L,163.0,9.0,-113
0,L,187.0,7.5,-111
0,L,106.0,9.5,116
0,L,-109.0,9.5,-134
0,W,115.0,8.5,-116
0,L,134.0,8.5,-119
0,W,146.0,8.5,110
0,W,122.0,11.0,-118
0,L,-115.0,9.0,-115
0,W,131.0,9.0,-104
0,W,125.0,8.0,-111
1,W,142.0,7.5,-116
1,L,-120.0,9.5,-105
1,W,-124.0,9.5,105
1,L,-169.0,9.5,-107
1,W,-134.0,9.5,-108
1,W,-193.0,9.5,-102
0,W,-109.0,8.5,-107
0,W,119.0,7.5,102
0,W,127.0,7.5,-113
0,L,-120.0,8.5,102
0,L,171.0,7.0,111
0,L,141.0,6.5,111
1,W,-123.0,9.0,101
1,L,111.0,8.5,100
1,L,111.0,9.0,104
1,L,100.0,8.5,-102
1,W,-174.0,8.5,-112
1,L,-154.0,9.0,102
1,W,-190.0,8.5,-125
1,W,-118.0,8.0,-115
1,L,107.0,8.5,-103
1,L,-139.0,8.0,-108
0,W,-134.0,9.0,-110
0,L,-113.0,8.5,104
0,L,195.0,8.0,-102
0,W,108.0,8.0,-109
0,L,149.0,7.5,-110
1,L,-193.0,8.5,-103
1,W,-167.0,9.0,-102
1,W,-129.0,8.5,-106
1,W,-167.0,8.0,-103
1,W,-170.0,9.0,-113
1,L,-164.0,8.5,100
1,W,-178.0,9.5,108
0,L,-128.0,9.5,-105
0,W,-102.0,8.5,105
0,W,-108.0,9.0,-102
0,L,154.0,7.5,109
0,L,111.0,8.5,-106
1,W,-133.0,9.5,-115
1,W,-102.0,8.0,100
1,W,113.0,8.0,-114
1,W,130.0,7.5,-101
1,L,113.0,8.5,-110
0,W,105.0,9.0,-111
0,W,-118.0,8.5,110
0,W,-113.0,8.5,-103
1,W,-104.0,8.5,-110
1,L,-125.0,9.0,-102
1,W,-116.0,8.5,-105
1,W,-149.0,9.5,-103
0,L,209.0,7.5,-104
0,W,190.0,8.0,102
0,W,151.0,7.5,113
0,W,-104.0,9.0,-105
0,W,121.0,9.0,-124
1,L,-111.0,9.0,-113
1,L,-126.0,8.0,-113
1,W,110.0,10.0,-102
1,L,136.0,8.5,-105
1,W,126.0,9.5,105
0,L,-131.0,8.5,-101
0,L,119.0,8.0,-106
0,L,139.0,8.0,-105
0,L,129.0,9.0,113
0,W,109.0,9.0,-105
0,W,127.0,7.5,-107
1,W,104.0,9.0,-109
1,L,-103.0,8.5,-106
1,W,-109.0,9.0,112
1,L,136.0,8.5,-105
1,L,131.0,7.5,102
0,L,-105.0,8.5,-120
0,L,109.0,8.0,-123
0,W,142.0,8.5,102
0,W,112.0,8.0,-117
0,W,139.0,8.0,-113
0,W,-118.0,8.0,110
0,L,113.0,8.0,102
1,W,-155.0,9.0,-127
1,L,-146.0,9.0,-113
1,W,-153.0,10.5,-108
1,W,-173.0,7.5,-103
1,W,-103.0,8.0,106
1,L,113.0,8.5,-101
1,L,-104.0,8.5,100
0,L,136.0,8.0,-119
0,W,131.0,6.5,103
0,W,126.0,7.5,102
0,W,125.0,7.5,-126
0,L,108.0,7.5,-103
0,L,128.0,7.5,100
1,W,-195.0,8.5,-117
1,L,-114.0,8.5,-121
1,L,-120.0,9.0,-111
1,W,121.0,8.5,-102
1,W,-121.0,9.5,-109
1,L,-124.0,8.5,-113
0,W,141.0,9.5,-105
0,L,258.0,7.5,-124
0,L,209.0,8.5,109
0,L,150.0,9.5,-103
0,L,-108.0,9.0,-109
0,L,132.0,9.5,-118
1,W,-162.0,9.5,101
1,W,-162.0,8.5,-127
1,W,-165.0,8.5,-110
1,L,-169.0,8.5,-103
1,L,-102.0,8.0,-109
1,L,114.0,8.5,-111
1,L,118.0,9.0,-110
1,W,103.0,9.0,102
1,W,-149.0,8.0,-115
0,W,251.0,7.5,-118
0,W,169.0,9.0,-110
0,L,236.0,9.0,104
0,W,136.0,10.5,-110
1,W,-150.0,9.5,-113
1,L,-120.0,9.0,-117
1,L,-132.0,9.0,-113
1,L,-131.0,9.5,105
1,W,-240.0,8.0,-115
1,W,-133.0,8.0,-101
1,W,-123.0,8.0,-111
0,L,135.0,9.0,107
0,W,103.0,9.5,108
0,W,-113.0,8.0,-114
0,L,-125.0,9.0,105
0,L,103.0,8.0,100
0,L,-113.0,9.0,-103
1,L,108.0,8.5,-104
1,L,-156.0,7.5,-103
1,W,-103.0,9.0,-119
1,W,-146.0,9.5,106
1,W,-128.0,9.5,-118
1,W,-141.0,9.5,103
0,W,-151.0,8.0,-102
0,L,-132.0,8.5,-110
0,L,-121.0,9.0,113
0,W,-113.0,9.5,-116
0,L,165.0,9.0,105
0,W,183.0,8.0,-102
0,W,164.0,8.5,111
0,L,164.0,8.5,-111
1,W,-180.0,9.5,101
1,W,-163.0,9.5,-115
1,L,-110.0,9.0,111
1,L,118.0,8.0,-116
1,L,-136.0,8.5,101
1,L,-110.0,9.0,-118
0,L,146.0,6.5,-123
0,W,179.0,8.0,-111
0,L,152.0,8.5,107
0,W,127.0,9.5,-118
1,L,-149.0,9.0,-118
1,W,-217.0,7.5,-110
1,L,-188.0,8.5,-110
1,W,-115.0,8.5,-109
1,W,-160.0,9.5,-107
1,W,-159.0,8.5,-108
1,W,127.0,8.5,-105
1,W,121.0,9.0,-113
0,W,115.0,10.5,-102
0,L,106.0,8.5,-111
0,L,147.0,9.5,-111
0,L,136.0,9.5,-121
0,W,173.0,9.5,-120
0,W,131.0,10.0,-116
1,L,-133.0,8.0,-111
1,L,-109.0,10.5,-110
1,W,-101.0,9.5,-110
1,W,122.0,8.5,-111
1,L,-102.0,8.5,-115
1,W,-155.0,7.5,-105
0,W,176.0,8.5,101
0,L,132.0,9.5,102
0,L,235.0,8.0,-111
0,W,-116.0,8.5,-102
0,L,140.0,9.0,101
0,L,117.0,9.5,-115
1,L,-138.0,10.0,-103
1,W,-122.0,10.0,-106
1,W,-116.0,7.5,-105
1,W,-124.0,9.0,-116
1,L,-105.0,8.0,-110
1,W,-159.0,9.5,-123
0,W,173.0,10.0,-121
0,L,116.0,9.0,-114
0,L,158.0,9.5,-120
0,W,-110.0,9.0,-124
0,L,-132.0,9.0,-111
0,L,125.0,9.5,-115
0,L,-104.0,8.0,100
1,L,139.0,10.0,-121
1,L,104.0,9.5,-115
1,L,-126.0,9.5,-113
1,L,-164.0,8.5,101
1,L,120.0,9.0,102
1,L,123.0,8.5,-107
0,W,132.0,10.5,102
0,W,-109.0,10.5,-126
0,W,-126.0,10.0,103
0,L,122.0,9.5,116
0,W,153.0,9.0,107
0,W,165.0,8.5,-107
0,L,-107.0,7.5,110
0,W,-121.0,7.0,102
0,L,124.0,7.5,-105
0,L,126.0,7.0,-125
1,L,-144.0,9.5,102
1,L,-215.0,9.5,-105
1,W,-203.0,8.5,-110
1,L,-115.0,8.5,-120
1,L,-106.0,9.0,-118
0,W,-159.0,9.0,-102
0,W,-127.0,8.5,-101
0,W,110.0,9.5,103
0,L,-151.0,10.0,111
0,L,-142.0,9.5,-105
0,W,151.0,11.5,-121
0,L,129.0,10.5,101
0,L,153.0,9.0,-109
1,W,129.0,7.0,-120
1,L,-148.0,8.5,-113
1,L,-106.0,9.5,-106
1,W,-154.0,9.0,102
1,L,-101.0,7.5,110
0,L,171.0,8.5,-101
0,L,120.0,9.5,-123
0,W,139.0,9.5,-125
0,L,162.0,8.5,-117
0,L,-106.0,8.5,-121
0,L,141.0,9.0,-101
1,W,-113.0,7.5,-103
1,W,-103.0,8.0,101
1,L,-113.0,7.0,-112
1,L,-122.0,8.5,-120
1,W,109.0,9.5,108
1,W,130.0,8.5,-115
1,W,124.0,8.0,-110
1,W,-122.0,8.0,105
1,W,106.0,7.5,-108
0,L,144.0,8.0,102
0,L,173.0,7.5,101
0,L,147.0,7.5,-107
0,W,224.0,9.0,-115
0,L,198.0,8.5,100
1,L,142.0,8.5,103
1,W,176.0,7.5,-102
1,W,186.0,8.0,-101
1,L,-101.0,9.5,-133
1,L,-105.0,8.5,107
1,W,-111.0,8.5,-111
0,L,146.0,10.5,-121
0,W,179.0,10.5,105
0,L,143.0,9.5,-123
0,L,152.0,9.5,101
0,L,152.0,8.5,-127
0,L,155.0,8.5,-110
1,W,159.0,8.5,108
1,L,105.0,8.5,-102
1,W,145.0,7.5,-110
1,L,104.0,7.5,104
1,L,114.0,8.0,-115
1,L,-104.0,8.5,109
1,L,153.0,7.0,-101
1,L,124.0,8.0,101
1,W,103.0,8.5,111
0,L,140.0,8.0,-103
0,L,127.0,8.5,-110
0,L,143.0,7.5,-104
0,L,187.0,7.0,107
0,L,170.0,7.0,109
0,L,186.0,7.0,107
1,L,101.0,9.0,-104
1,W,133.0,8.0,-102
1,L,124.0,7.5,-104
1,W,144.0,8.5,102
1,L,144.0,7.5,-114
1,W,117.0,8.0,102
1,L,130.0,7.5,100
0,L,281.0,7.0,101
0,L,171.0,9.0,-125
0,L,272.0,7.5,-123
0,L,237.0,8.5,-111
0,W,196.0,9.5,-109
0,W,192.0,9.0,103
1,L,127.0,8.5,-113
1,L,161.0,7.5,-101
1,L,104.0,8.5,-117
1,L,142.0,8.0,-102
1,W,124.0,8.5,-110
1,W,114.0,9.0,113
1,L,106.0,9.5,-116
1,W,122.0,7.0,-116
1,W,-130.0,8.0,106
1,L,100.0,8.0,-123
0,L,169.0,9.5,101
0,L,153.0,9.5,-115
0,L,161.0,7.0,101
1,W,125.0,8.5,101
1,L,102.0,8.0,110
1,W,133.0,8.5,-119
1,W,168.0,8.5,-111
0,W,161.0,9.0,-126
0,L,183.0,7.5,-105
0,W,170.0,8.0,-102
0,L,216.0,8.5,-117
0,L,210.0,8.5,106
0,L,164.0,8.0,104
0,L,252.0,10.5,-105
0,L,166.0,10.0,-113
0,L,222.0,10.5,101
1,W,118.0,8.5,100
1,W,-118.0,9.0,-105
1,L,-118.0,8.0,-123
1,L,113.0,8.5,107
1,L,127.0,7.5,-107
1,L,110.0,8.5,101
0,L,176.0,9.0,101
0,L,164.0,9.0,-130
0,L,139.0,8.5,-102
0,L,129.0,9.0,112
0,L,187.0,8.5,100
1,L,138.0,8.5,-117
1,L,155.0,7.0,-110
1,W,-125.0,8.0,-118
1,L,109.0,7.5,-106
1,W,137.0,8.5,-117
1,W,122.0,8.5,-105
0,L,156.0,8.5,-118
0,L,160.0,8.5,-104
0,L,157.0,8.0,-103
0,L,160.0,9.0,-113
0,W,154.0,8.5,100
0,L,167.0,9.5,108
1,W,119.0,8.5,-128
1,L,136.0,9.0,-120
1,L,139.0,8.5,-111
1,L,104.0,9.0,-124
1,W,124.0,9.0,-111
0,W,287.0,8.0,-107
0,L,173.0,10.0,115
0,L,187.0,7.5,-102
0,W,198.0,7.5,-109
0,W,186.0,10.0,-120
1,L,-111.0,9.0,-111
1,L,111.0,8.5,110
1,L,106.0,8.5,-103
1,L,168.0,7.5,-110
1,W,164.0,8.0,105
1,L,170.0,8.0,-105
1,W,178.0,8.5,-114
1,W,142.0,9.0,-121
1,W,140.0,8.0,107
0,L,219.0,8.5,101
0,L,161.0,8.5,-104
0,L,228.0,8.5,-113
0,W,261.0,8.5,-108
0,W,136.0,9.5,102
0,W,201.0,9.5,-105
0,L,190.0,8.5,-110
0,L,140.0,9.0,102
0,L,165.0,9.0,-126
0,L,146.0,7.5,105
1,L,149.0,9.0,-102
1,L,120.0,8.5,-101
1,W,123.0,8.5,-101
1,W,-126.0,8.0,-106
0,L,168.0,8.5,100
0,W,180.0,7.5,-113
0,L,172.0,8.5,-106
0,L,182.0,9.5,103
0,W,228.0,8.5,101
0,L,155.0,9.5,-106
1,L,133.0,8.0,-106
1,W,158.0,8.0,107
1,W,113.0,8.5,-103
1,W,-115.0,8.5,-117
1,W,155.0,8.0,-116
1,W,-115.0,7.5,-108
1,W,-170.0,7.5,-107
1,W,100.0,8.5,-121
1,W,-150.0,9.0,-101
0,W,-130.0,8.0,-104
0,L,-162.0,7.5,-104
0,W,-175.0,11.5,-115
0,W,115.0,8.5,-120
0,L,-116.0,9.5,108
0,L,-138.0,8.5,-115
0,L,-156.0,8.0,105
1,W,-166.0,7.5,-116
1,L,102.0,9.0,-105
1,W,136.0,7.5,104
1,W,-125.0,7.5,-105
1,L,-169.0,7.0,-101
1,L,-215.0,7.0,-108
1,L,-219.0,9.0,-123
0,W,204.0,8.5,-103
0,L,130.0,8.0,100
0,L,-118.0,7.5,100
0,W,-106.0,7.0,112
0,L,-128.0,8.5,-102
0,L,114.0,9.5,-109
0,W,117.0,8.5,-113
1,W,-168.0,7.5,-110
1,W,-133.0,7.5,-109
0,L,110.0,8.5,104
0,L,-135.0,6.5,-108
0,L,-123.0,7.5,-106
0,L,-170.0,7.5,-104
0,L,-104.0,9.0,104
0,W,-147.0,8.5,-102
0,L,-170.0,7.5,-102
0,L,-169.0,8.5,108
0,W,-111.0,8.5,-102
1,W,-145.0,8.0,-108
1,W,-145.0,7.0,-119
1,L,-145.0,8.0,102
1,L,-270.0,7.5,-118
1,L,-180.0,9.0,-110
1,L,-137.0,8.5,-113
1,L,-240.0,7.5,108
0,W,-123.0,7.5,-110
0,W,122.0,8.5,-119
0,W,-135.0,7.5,-117
0,L,152.0,6.5,-107
0,W,-124.0,6.5,-108
1,W,-228.0,7.0,-117
1,L,-219.0,7.5,-128
1,L,-165.0,7.5,111
1,W,-304.0,7.0,101
1,W,-182.0,9.0,-125
1,W,-294.0,7.5,-123
0,L,138.0,8.5,-112
0,W,127.0,6.5,-130
0,L,-145.0,7.0,-110
0,W,-123.0,6.5,-122
0,L,121.0,12.0,-107
0,L,153.0,12.0,113
1,L,-159.0,7.0,-107
1,W,-142.0,8.5,-101
1,W,-112.0,9.0,102
1,W,-161.0,7.5,-113
1,W,-130.0,7.5,-106
1,W,-124.0,7.0,-116
0,W,109.0,8.5,-110
0,L,122.0,9.0,101
0,W,-177.0,7.0,-110
0,L,131.0,7.5,-117
0,L,-106.0,8.5,106
0,L,131.0,9.5,-101
1,W,-155.0,6.5,-123
1,L,-191.0,8.0,-111
1,W,-162.0,8.5,107
1,L,-135.0,9.5,-118
1,L,-140.0,9.5,-102
1,W,-310.0,8.5,103
1,W,-170.0,7.0,-107
0,L,-137.0,9.0,-104
0,W,-119.0,9.5,105
0,L,144.0,8.5,-103
0,L,-130.0,7.5,-118
0,W,-106.0,7.5,-121
0,W,-102.0,8.0,-114
1,L,-105.0,9.0,-110
1,W,-219.0,7.5,-134
1,W,-238.0,8.0,103
1,L,-189.0,7.5,-103
1,W,-167.0,9.5,-105
1,W,-280.0,7.5,-107
0,L,-136.0,8.5,100
0,L,143.0,9.5,-108
0,W,-148.0,9.5,107
0,L,-111.0,6.5,103
0,L,-123.0,7.0,-101
0,L,134.0,8.5,-102
1,L,-188.0,8.5,101
1,W,-140.0,9.5,102
1,W,-208.0,8.0,-102
1,L,-115.0,8.0,-109
1,W,-159.0,7.5,-110
0,W,-113.0,7.0,-109
0,L,120.0,8.5,107
0,W,-108.0,6.5,101
0,W,109.0,7.0,-108
0,L,-136.0,6.5,-102
0,L,-137.0,6.5,-105
1,W,-139.0,7.0,-102
1,L,-140.0,9.0,104
1,W,-131.0,8.0,-103
1,W,-224.0,7.5,-102
1,L,-166.0,7.5,-107
1,W,-255.0,7.5,-103
1,W,-156.0,8.5,105
0,L,-120.0,8.0,-114
0,L,-138.0,7.5,-101
0,W,-120.0,8.5,-110
1,L,-321.0,7.5,-109
1,L,-178.0,8.0,-114
1,L,-235.0,7.5,-128
0,W,-179.0,7.5,-110
0,L,-175.0,8.0,105
0,W,-181.0,8.0,-105
0,L,204.0,8.0,100
0,L,-118.0,10.0,-115
0,L,100.0,8.5,102
0,W,-113.0,9.5,104
1,W,-224.0,7.5,-104
1,L,-203.0,8.0,102
1,W,-165.0,7.0,-108
1,W,-151.0,8.5,102
1,W,-175.0,7.5,-124
1,W,101.0,8.0,102
0,W,-114.0,7.5,100
0,L,-155.0,7.0,122
0,L,140.0,6.5,117
0,W,-136.0,8.5,-108
0,L,140.0,8.5,-108
0,W,-125.0,10.0,-114
1,W,-275.0,7.5,105
1,L,-111.0,7.5,-104
1,W,-225.0,8.5,104
1,L,-213.0,8.5,-113
1,W,-230.0,8.5,-109
1,W,-212.0,7.0,-111
0,L,-137.0,7.0,-120
0,W,139.0,8.5,-113
0,W,100.0,9.5,-106
0,L,103.0,9.0,112
0,W,-144.0,8.5,-105
0,W,-139.0,7.5,102
1,W,111.0,8.0,-109
1,L,-105.0,7.0,-105
1,L,-137.0,8.0,100
0,L,129.0,7.5,101
0,W,-101.0,7.5,-111
0,L,150.0,7.5,-115
0,L,106.0,7.5,-103
0,L,-103.0,8.0,101
0,W,106.0,7.0,-112
0,L,110.0,8.5,116
0,L,-111.0,8.0,-116
0,L,104.0,7.5,100
0,W,123.0,8.0,111
1,L,122.0,8.0,-108
1,W,-102.0,7.0,102
1,L,-133.0,7.5,-126
1,W,-115.0,7.5,-103
1,W,-136.0,7.5,100
1,W,-124.0,8.0,-110
1,L,-146.0,7.5,120
1,L,-103.0,7.0,-117
1,W,109.0,7.5,-127
0,W,109.0,7.5,-123
0,W,118.0,11.0,101
0,L,-118.0,12.5,125
0,W,100.0,9.0,-106
0,W,125.0,9.5,103
0,L,136.0,8.0,-113
1,W,-117.0,8.5,104
1,W,127.0,6.5,-108
1,W,116.0,7.5,-106
0,L,155.0,7.5,-115
0,W,161.0,6.5,-115
0,L,132.0,7.0,103
0,W,156.0,8.5,105
0,W,313.0,7.0,108
0,W,251.0,7.5,104
0,W,164.0,8.5,-118
0,W,112.0,9.0,-120
0,L,124.0,8.0,100
0,L,167.0,7.5,-115
1,W,-133.0,8.5,-118
1,L,-108.0,7.0,109
1,W,148.0,7.5,-116
1,L,-117.0,7.5,-102
1,W,-149.0,8.0,-103
1,W,-135.0,8.5,-110
1,W,-152.0,7.5,-104
1,L,118.0,7.0,-107
1,L,136.0,8.0,-110
1,W,122.0,8.5,-105
0,L,224.0,8.0,-115
0,L,125.0,8.0,-101
0,L,116.0,8.0,-111
0,L,213.0,7.0,-117
0,W,205.0,7.5,-128
0,W,155.0,7.5,111
1,W,118.0,9.0,105
1,W,-109.0,8.0,100
1,W,106.0,9.0,-103
1,W,129.0,7.5,-104
1,L,121.0,9.0,-113
1,W,114.0,8.5,-111
1,L,-107.0,6.5,-121
1,L,132.0,8.0,-106
0,W,163.0,7.5,-104
0,L,214.0,9.0,103
0,W,149.0,8.0,101
0,L,-130.0,7.0,-116
0,L,122.0,8.0,106
0,W,-106.0,8.0,-123
1,L,-116.0,8.5,-110
1,W,-130.0,9.0,101
1,L,166.0,7.0,-110
1,W,-172.0,7.0,101
0,L,141.0,7.0,-121
0,L,138.0,7.0,-101
0,L,156.0,6.0,-115
0,W,203.0,7.5,114
0,W,140.0,9.0,-118
0,L,203.0,7.5,-110
0,W,176.0,8.5,-110
0,L,161.0,9.0,107
0,L,269.0,10.5,-110
0,W,275.0,9.5,-118
1,W,142.0,7.5,103
1,W,107.0,7.5,118
1,L,124.0,6.5,-108
1,L,160.0,8.0,-111
1,L,192.0,9.0,-116
1,L,125.0,9.0,102
0,L,-104.0,9.5,100
0,W,-114.0,8.5,-115
0,L,106.0,9.0,-106
0,L,326.0,9.0,-109
0,L,219.0,9.0,101
0,L,223.0,8.5,-113
0,W,142.0,8.5,107
0,W,173.0,9.0,100
0,W,226.0,9.5,-103
0,L,176.0,9.5,-116
1,W,109.0,7.5,-104
1,L,-113.0,6.5,-107
1,W,115.0,8.0,-116
1,W,119.0,9.0,111
1,W,-110.0,8.5,-113
1,W,-118.0,8.5,-117
1,L,-156.0,7.5,-115
0,W,181.0,8.5,-103
0,L,157.0,9.0,-102
0,L,122.0,8.5,-106
0,L,117.0,9.0,-116
0,W,-101.0,8.0,-110
0,L,149.0,9.5,-123
1,L,162.0,7.5,-115
1,L,138.0,8.0,-103
1,W,157.0,7.5,-104
1,L,132.0,6.0,-102
1,W,-101.0,9.0,-105
0,L,173.0,7.0,105
0,L,137.0,7.5,109
0,L,185.0,6.0,-108
0,L,125.0,8.5,101
0,W,296.0,7.5,-109
0,W,167.0,8.0,-114
0,W,219.0,7.5,-128
1,W,-137.0,7.5,-108
1,L,135.0,8.5,-111
1,L,113.0,8.5,-102
1,L,118.0,7.5,-105
1,W,-104.0,9.0,100
1,L,-120.0,8.0,-108
1,L,-108.0,9.5,-110
0,L,161.0,9.0,-123
0,L,145.0,8.0,-110
0,L,196.0,8.0,-114
1,L,-161.0,7.5,113
1,L,-102.0,9.0,-105
1,L,-128.0,9.0,-124
1,W,-149.0,9.0,102
1,W,-176.0,9.0,-126
1,W,-155.0,7.5,105
1,L,-101.0,9.5,-111
1,W,137.0,8.5,-107
1,W,-102.0,8.5,-119
0,W,176.0,7.0,101
0,W,131.0,7.5,-134
0,W,199.0,8.5,-113
0,L,215.0,8.5,-109
0,L,198.0,7.0,-111
1,L,195.0,7.5,-119
1,L,139.0,9.5,102
1,L,152.0,8.5,100
1,L,124.0,7.5,102
1,L,-126.0,8.0,-113
0,W,-107.0,8.0,-109
0,L,164.0,8.5,-114
1,W,-135.0,8.0,-110
1,W,-137.0,7.0,102
1,W,-109.0,7.5,101
1,L,-204.0,8.0,-104
1,L,-137.0,8.5,106
1,L,-113.0,7.0,-106
1,W,-101.0,8.0,-107
1,W,-149.0,7.0,-120
0,L,219.0,8.0,-121
0,W,146.0,8.5,-123
0,L,-101.0,7.5,105
0,W,-136.0,7.5,104
0,L,115.0,9.0,-120
1,W,-175.0,7.5,-117
1,W,-101.0,6.5,-122
1,W,-135.0,9.0,-110
1,L,-133.0,8.5,-107
1,L,-174.0,7.5,104
0,W,104.0,8.0,-116
0,L,118.0,6.5,107
0,L,160.0,7.5,-121
0,W,110.0,7.5,-116
0,L,123.0,6.0,102
0,W,-122.0,7.5,106
1,L,-198.0,7.5,-116
1,L,-161.0,8.5,101
1,L,-139.0,9.0,101
1,W,-103.0,9.0,103
1,L,-102.0,8.5,-110
1,L,128.0,9.0,108
0,L,108.0,7.5,103
0,W,175.0,9.5,104
0,L,122.0,8.0,-123
0,W,142.0,9.5,-116
0,L,165.0,10.0,-110
0,L,128.0,8.0,-105
1,L,-140.0,7.5,103
1,W,-123.0,8.0,-109
1,L,-124.0,9.5,-119
1,W,-167.0,7.0,-117
1,W,-243.0,8.5,-119
1,W,-219.0,8.5,102
0,L,119.0,9.5,103
0,W,125.0,9.5,109
0,W,114.0,7.0,100
0,L,-138.0,9.0,-105
0,L,104.0,9.5,-110
1,W,112.0,7.0,-120
1,L,-145.0,9.0,-124
1,W,-121.0,8.5,107
1,L,-109.0,8.5,-106
1,L,-148.0,7.5,-102
1,L,-130.0,7.5,-104
0,W,111.0,10.0,-105
0,L,182.0,10.0,-113
0,L,165.0,8.0,-104
0,L,179.0,9.0,-102
0,W,226.0,10.0,-111
1,L,-156.0,8.5,-105
1,W,-178.0,9.0,-125
1,W,-132.0,6.5,108
1,W,-156.0,8.5,-107
0,L,126.0,8.5,-103
0,W,103.0,8.0,101
0,L,122.0,8.5,-121
0,L,118.0,9.5,-105
0,L,-107.0,7.5,105
0,L,142.0,9.0,-115
1,W,-181.0,9.0,111
1,L,-172.0,9.0,-116
1,L,-150.0,9.5,-110
1,W,-122.0,8.5,-106
1,W,-116.0,9.5,109
1,W,-134.0,8.5,103
1,W,-141.0,9.5,-107
1,L,-170.0,7.5,105
1,L,-137.0,10.0,-109
1,W,-121.0,9.0,-102
1,W,122.0,8.0,104
0,L,132.0,9.0,-102
0,W,-103.0,9.0,106
0,W,115.0,11.5,-105
1,W,-145.0,9.5,-121
1,L,-185.0,9.5,-120
1,L,-139.0,10.0,-116
0,W,-108.0,8.0,-106
0,W,139.0,8.0,-110
0,W,161.0,8.0,102
0,L,-103.0,8.0,100
0,W,121.0,8.5,-106
0,L,-143.0,8.0,-106
0,W,119.0,8.5,-110
0,W,111.0,8.0,106
0,W,105.0,8.5,-102
0,W,-105.0,8.5,103
0,W,109.0,7.5,114
0,W,-101.0,9.5,-105
0,L,-107.0,9.5,-108
0,W,-108.0,9.0,-116
1,W,-140.0,9.0,-116
1,W,-132.0,7.5,-104
1,L,104.0,7.5,101
1,W,-133.0,9.5,-101
1,W,-113.0,8.0,-110
1,L,-125.0,9.0,100
0,L,131.0,7.0,-102
0,W,132.0,9.0,104
0,L,123.0,8.0,-103
0,W,128.0,8.5,-102
0,W,143.0,8.5,116
0,L,119.0,8.5,-111
0,L,146.0,9.5,-102
1,W,-155.0,9.0,-113
1,W,-140.0,8.5,103
1,W,-115.0,9.0,-120
1,L,-103.0,8.0,-106
1,W,129.0,8.5,-109
0,L,-123.0,7.5,-115
0,W,126.0,8.0,103
0,W,120.0,7.0,114
0,L,122.0,10.5,100
0,L,152.0,9.5,100
0,L,161.0,9.0,-108
0,L,164.0,10.0,-103
0,L,106.0,8.0,-116
0,L,105.0,9.5,-109
0,L,-109.0,9.0,-109
1,W,-165.0,9.0,105
1,L,-151.0,9.0,-113
1,W,-188.0,8.5,114
1,W,113.0,9.5,-107
1,L,116.0,9.5,-104
1,W,122.0,9.5,104
1,L,103.0,8.5,-110
1,L,-175.0,9.0,-105
1,W,-129.0,9.0,-108
1,W,-179.0,9.5,-104
0,W,125.0,8.5,-101
0,W,-107.0,10.0,-107
0,W,-110.0,8.5,-114
0,L,149.0,10.0,104
0,W,183.0,10.0,-118
0,L,182.0,10.0,100
1,L,-151.0,8.5,-104
1,W,-167.0,8.0,102
1,L,-130.0,9.0,-109
1,L,-120.0,9.5,103
1,L,-133.0,9.5,-101
1,L,-139.0,10.0,-111
0,W,-147.0,7.5,-103
0,W,-140.0,7.0,100
0,W,-122.0,6.5,-129
0,W,-109.0,7.0,121
0,L,127.0,8.0,-110
0,L,129.0,7.0,102
0,L,103.0,7.5,101
1,L,-182.0,7.0,-114
1,L,-133.0,8.0,101
1,L,-106.0,7.5,-125
1,W,118.0,6.5,-104
1,W,-145.0,7.0,103
1,W,-129.0,7.0,-102
0,W,185.0,7.5,108
0,L,121.0,8.0,-128
0,W,101.0,7.5,-108
0,L,-142.0,8.0,-106
0,L,108.0,7.0,-110
0,W,-110.0,8.5,-101
1,L,-122.0,7.5,-101
1,W,-142.0,7.5,-126
1,W,-103.0,6.5,106
1,L,-180.0,7.0,-101
1,W,-175.0,7.0,-105
1,L,-110.0,8.0,-116
1,W,-125.0,6.5,107
1,W,-170.0,7.5,-121
0,L,195.0,8.0,-114
0,L,125.0,9.5,-119
0,L,190.0,9.0,-105
0,L,118.0,9.5,104
0,W,136.0,8.0,-115
0,W,126.0,8.5,100
0,L,117.0,8.0,-104
0,L,-116.0,8.0,101
0,W,-138.0,7.5,-111
0,W,-109.0,7.5,100
1,L,113.0,7.0,-103
1,L,120.0,6.5,-111
1,W,138.0,7.0,-123
1,W,-130.0,7.5,105
1,W,-127.0,7.5,-113
1,W,-105.0,7.0,-105
1,L,-130.0,7.0,-124
0,L,142.0,8.5,-119
0,L,121.0,8.0,104
0,L,141.0,8.0,-101
0,W,-121.0,7.5,108
0,L,122.0,6.5,-111
0,L,104.0,7.5,-110
1,W,-106.0,7.0,-123
1,L,140.0,6.5,-108
1,W,-188.0,7.5,-113
1,L,-172.0,8.0,102
1,W,-222.0,7.5,103
0,L,155.0,8.0,111
0,W,149.0,7.5,-118
0,L,-113.0,9.0,-125
0,L,188.0,8.5,-121
0,W,142.0,8.5,100
0,L,210.0,8.0,101
1,W,-151.0,8.0,116
1,W,-124.0,8.0,-102
1,L,-144.0,7.0,104
1,W,101.0,7.5,102
1,W,-115.0,8.0,-119
1,L,-114.0,8.0,-105
0,W,103.0,9.5,-111
0,W,-120.0,8.5,-123
0,W,150.0,7.5,103
1,W,-134.0,8.5,-103
1,L,-109.0,8.0,101
1,L,113.0,7.5,-104
1,L,135.0,7.5,-109
1,L,136.0,8.0,-114
0,W,106.0,9.0,101
0,W,-115.0,8.5,102
0,L,-113.0,9.0,-103
0,W,101.0,8.5,105
1,W,-232.0,8.5,-117
1,W,-225.0,8.5,106
1,W,-175.0,8.0,104
1,L,103.0,8.5,-107
1,L,-126.0,7.5,102
1,L,-135.0,7.5,-113
0,W,-101.0,9.0,-110
0,L,205.0,7.5,-134
0,L,222.0,8.0,103
0,L,119.0,8.5,-118
0,W,116.0,8.5,106
0,L,108.0,7.5,102
0,L,167.0,6.5,-112
1,W,-103.0,8.0,100
1,L,-128.0,8.5,-106
1,W,135.0,8.0,-106
1,L,-126.0,8.5,-110
1,W,-153.0,8.0,-108
1,L,106.0,7.5,107
1,L,-106.0,7.5,100
0,W,109.0,9.0,-101
0,L,133.0,9.5,-113
0,L,144.0,9.0,-114
0,W,169.0,8.0,111
0,L,120.0,8.5,101
0,W,110.0,9.0,100
0,W,-136.0,9.0,-103
0,W,102.0,9.0,-114
0,L,-113.0,8.0,-107
1,W,-113.0,7.5,100
1,W,-114.0,7.5,-115
1,W,-107.0,7.5,100
1,L,-106.0,8.0,-108
1,L,107.0,7.0,-102
1,W,108.0,7.0,112
1,W,-160.0,7.5,-105
0,L,146.0,9.0,-113
0,L,132.0,8.5,103
0,L,108.0,9.0,-120
0,L,175.0,8.5,106
0,L,127.0,9.0,-120
0,W,163.0,9.5,112
1,W,138.0,7.5,-113
1,W,148.0,8.5,-115
1,L,124.0,7.5,-117
1,W,121.0,8.5,-117
1,W,105.0,8.0,-117
1,L,-134.0,8.0,-114
0,L,152.0,8.5,100
0,W,101.0,9.0,-104
0,L,116.0,9.0,-110
0,L,146.0,7.5,101
0,L,143.0,8.5,109
0,L,163.0,8.5,-115
1,W,-130.0,8.5,-101
1,L,-163.0,7.5,-104
1,W,-143.0,7.5,111
1,W,165.0,7.5,-113
1,L,134.0,8.5,113
1,L,143.0,8.5,112
1,L,-171.0,7.0,-117
1,W,-155.0,7.5,-107
1,W,-149.0,7.5,101
1,W,-145.0,8.5,-107
0,L,-101.0,7.5,-111
0,L,-139.0,7.5,-121
0,W,117.0,7.5,-119
0,W,142.0,8.5,-104
0,L,157.0,8.0,102
0,W,122.0,9.0,-109
1,W,-119.0,7.5,110
1,W,-126.0,8.5,-126
1,L,141.0,7.0,-111
1,L,138.0,7.5,-103
1,L,132.0,7.0,100
1,L,115.0,6.5,-129
1,L,103.0,7.0,121
0,L,136.0,8.5,-105
0,W,-136.0,7.5,-111
0,W,185.0,8.5,100
0,W,206.0,8.5,-115
0,L,199.0,8.0,102
0,L,178.0,8.5,-115
0,L,-135.0,7.0,-102
0,W,163.0,8.5,-108
0,L,139.0,8.5,109
1,W,116.0,7.5,-106
1,L,164.0,6.5,102
1,W,-104.0,6.0,-108
1,L,151.0,7.0,-107
1,L,123.0,7.5,-104
1,L,156.0,6.5,102
0,L,164.0,7.5,-117
0,L,-105.0,6.5,-122
0,W,169.0,7.0,-101
0,L,164.0,7.0,-105
1,W,-191.0,6.5,-104
1,L,-117.0,7.5,102
1,W,-119.0,7.0,104
1,L,-150.0,7.5,102
1,L,-117.0,7.5,-116
1,W,-131.0,6.0,102
1,L,115.0,7.5,106
1,W,134.0,8.0,-113
1,L,100.0,8.5,-102
1,L,108.0,7.0,-113
0,W,-106.0,8.0,105
0,L,198.0,9.0,-114
0,L,291.0,8.5,-108
0,L,190.0,9.0,-118
0,W,136.0,8.0,105
0,W,133.0,8.5,-110
0,W,106.0,9.0,-108
0,L,111.0,8.5,-118
0,L,-138.0,7.5,102
0,W,109.0,8.5,-108
0,W,141.0,8.5,-114
1,L,114.0,7.5,108
1,W,-130.0,6.5,-111
1,W,-110.0,7.5,-110
1,W,-155.0,7.5,-110
1,L,-118.0,8.0,-103
1,W,139.0,7.0,-106
1,L,-122.0,6.5,116
1,L,138.0,7.0,-110
1,W,135.0,7.0,117
0,L,274.0,8.5,-103
0,L,109.0,7.5,-104
0,L,158.0,9.0,-121
0,L,158.0,8.5,-109
0,L,226.0,9.0,-102
0,L,111.0,6.5,-121
1,W,129.0,7.5,-107
1,W,175.0,7.5,-117
1,L,110.0,7.5,-105
1,L,144.0,8.5,-102
1,W,-135.0,6.5,-111
1,L,113.0,7.5,-116
1,L,101.0,8.5,111
0,W,147.0,8.5,-105
0,L,167.0,9.0,-125
0,L,124.0,6.5,108
0,L,147.0,8.5,-107
1,L,235.0,8.0,-116
1,W,104.0,7.0,-111
1,L,175.0,8.5,-105
1,L,147.0,7.5,107
1,L,-148.0,8.0,-106
1,L,100.0,7.5,-113
1,L,-211.0,7.0,111
0,W,-112.0,7.0,-137
0,L,172.0,7.5,-104
0,L,154.0,8.5,-127
0,L,322.0,8.5,106
0,W,144.0,8.0,-110
0,W,149.0,7.5,104
0,L,108.0,8.5,-109
0,L,150.0,9.5,-107
1,L,-157.0,6.5,-107
1,W,-178.0,6.5,-113
1,W,-102.0,7.0,-109
1,W,113.0,8.5,102
1,W,-182.0,7.0,111
1,W,-150.0,6.5,111
0,W,177.0,7.5,-103
0,L,157.0,9.5,-105
0,L,260.0,7.5,-107
0,L,-129.0,6.0,100
0,L,127.0,6.5,-119
0,L,183.0,10.0,-101
0,L,198.0,9.5,-119
0,W,-108.0,9.0,-115
1,L,-118.0,8.0,106
1,L,-111.0,8.5,-102
1,L,-101.0,8.5,103
1,W,-130.0,7.0,101
1,W,-134.0,7.0,-110
1,L,115.0,7.0,-129
0,L,132.0,9.0,-116
0,L,124.0,7.5,-104
0,W,-110.0,7.5,101
1,W,-116.0,7.5,109
1,W,107.0,6.5,-120
1,L,-135.0,7.0,106
1,L,119.0,8.0,-102
1,W,-167.0,6.5,-102
1,L,-113.0,7.5,103
0,L,-115.0,7.0,112
0,L,150.0,7.5,-105
0,L,138.0,7.0,-135
0,L,194.0,8.5,-110
0,W,169.0,8.5,103
0,L,-130.0,7.5,114
0,L,111.0,9.0,-110
0,W,-154.0,8.0,-107
1,W,116.0,7.5,-115
1,L,-134.0,8.0,103
1,L,-127.0,7.0,114
1,L,-108.0,6.5,-113
1,L,133.0,7.5,-103
1,L,-112.0,7.5,111
1,L,-207.0,7.0,-102
1,L,-125.0,7.0,120
0,W,-116.0,9.5,102
0,W,184.0,7.5,-111
0,L,-164.0,7.5,-113
0,L,136.0,8.0,-103
0,L,-109.0,8.5,-113
0,L,143.0,8.5,-103
1,W,-206.0,7.0,100
1,W,-141.0,8.5,-107
1,W,-153.0,8.0,-115
1,L,115.0,8.0,110
1,W,125.0,7.5,-118
1,W,-170.0,7.0,-120
1,W,-105.0,7.5,-111
1,W,131.0,7.5,-121
1,L,-124.0,7.5,-119
0,L,156.0,8.5,-107
0,W,-140.0,8.5,-113
0,L,128.0,9.0,101
0,L,112.0,7.5,110
0,L,119.0,8.5,-126
0,W,-150.0,7.0,-111
1,L,-172.0,6.5,101
1,L,-141.0,9.0,-115
1,W,-165.0,8.5,-120
0,L,108.0,7.0,107
0,L,-123.0,5.5,-106
1,W,101.0,9.0,-111
0,L,162.0,8.0,109
0,W,148.0,9.5,-109
0,W,-110.0,7.5,104
1,L,125.0,8.5,106
0,W,113.0,6.5,104
1,L,-107.0,9.0,-106
1,L,-113.0,8.5,-104
0,W,122.0,8.5,-105
0,W,125.0,7.0,-116
1,L,101.0,8.0,-109
1,W,-175.0,8.5,-114
1,W,-145.0,8.5,-105
1,L,128.0,7.5,-111
1,L,-197.0,8.5,100
0,W,171.0,7.0,-114
0,W,125.0,8.0,101
0,W,100.0,7.5,-125
0,L,-125.0,6.5,-104
0,W,106.0,7.0,-106
0,L,-105.0,8.0,-107
0,L,140.0,7.0,-120
0,L,-123.0,7.5,-106
0,W,-175.0,6.5,102
0,L,-102.0,6.0,-108
1,W,-173.0,9.5,107
1,W,-160.0,9.5,110
1,W,-171.0,9.5,-112
1,W,-103.0,10.5,101
1,W,-137.0,9.5,-105
0,W,-105.0,9.0,-108
0,W,102.0,10.0,-108
0,L,161.0,9.0,106
0,L,129.0,8.5,-125
0,L,-123.0,8.5,109
0,L,-102.0,7.5,102
0,L,-110.0,9.5,-104
0,W,-154.0,9.0,100
0,L,-195.0,8.0,-108
0,W,-167.0,9.0,102
1,L,-145.0,8.0,-115
1,L,-134.0,8.5,100
1,W,-124.0,8.0,-104
1,L,-145.0,7.5,-111
1,W,-150.0,8.5,102
1,W,-147.0,8.5,-101
1,W,-145.0,10.5,106
0,W,-126.0,9.5,-102
0,L,-208.0,7.5,-104
0,W,-183.0,9.0,-115
0,L,-159.0,9.0,-125
0,L,152.0,9.0,104
0,L,151.0,8.0,-115
0,L,102.0,7.0,107
1,W,-141.0,9.5,105
1,L,-102.0,8.5,-105
1,W,-126.0,9.5,-103
1,L,-170.0,8.0,-117
1,W,-141.0,10.0,-103
0,L,100.0,7.0,-123
0,W,-149.0,6.5,-108
0,W,115.0,6.5,116
0,W,-147.0,7.0,-110
0,L,-143.0,7.0,117
0,L,-119.0,7.0,-120
0,W,136.0,9.0,-124
0,L,114.0,8.5,107
1,W,-201.0,8.5,-121
1,L,-151.0,8.5,100
1,W,-225.0,8.0,101
1,L,-118.0,10.0,-105
1,W,-194.0,10.0,-113
1,W,-176.0,8.0,-104
0,L,-107.0,8.5,-106
0,W,-118.0,9.5,-118
0,W,107.0,9.5,-123
0,W,147.0,8.5,104
0,L,-141.0,9.0,-110
0,W,-122.0,9.5,-119
0,W,103.0,9.5,-107
1,L,-235.0,10.0,100
1,L,-380.0,8.5,102
1,L,-198.0,10.0,113
1,L,-249.0,9.5,-104
1,W,-214.0,9.5,-121
1,W,-208.0,9.5,-103
1,L,-200.0,11.0,-103
1,L,-160.0,10.0,-115
1,W,-161.0,9.5,-128
1,L,-195.0,9.5,-117
0,L,115.0,8.5,-106
0,L,109.0,9.5,109
1,W,-171.0,9.0,107
1,W,-290.0,10.5,-110
1,L,-297.0,9.5,-118
1,W,-271.0,10.5,-105
1,W,-177.0,10.0,-113
1,W,-238.0,10.5,101
0,W,-170.0,8.0,-111
0,W,-205.0,9.0,-116
0,W,-133.0,9.0,102
0,W,129.0,9.0,-107
0,W,106.0,8.5,-107
0,W,147.0,7.5,-104
0,W,125.0,8.0,-111
0,W,103.0,10.5,-110
0,L,-105.0,9.5,-110
1,W,-195.0,10.0,-101
1,W,-212.0,9.5,-119
1,L,102.0,9.0,-115
1,L,126.0,10.0,-102
1,W,132.0,9.5,101
1,W,-130.0,10.0,-110
0,L,-111.0,9.0,-116
0,W,117.0,9.0,-113
0,W,113.0,8.5,-107
0,L,124.0,8.5,113
0,L,112.0,8.5,-118
0,L,115.0,9.0,-121
0,L,-117.0,9.5,-103
0,W,-138.0,9.5,102
1,L,-183.0,9.5,-104
1,L,-145.0,9.5,-121
1,W,-168.0,9.5,-114
1,W,-144.0,9.5,-101
1,W,-163.0,9.5,102
1,W,-126.0,8.5,-111
1,W,-155.0,9.5,-102
0,L,-117.0,9.0,-118
0,L,126.0,9.0,-119
0,L,101.0,8.5,-104
1,W,-187.0,8.5,106
1,W,-135.0,9.0,-120
1,L,-174.0,9.5,112
1,W,-163.0,9.5,105
1,W,-201.0,9.5,-116
1,W,-108.0,8.0,-105
1,W,-142.0,9.5,-115
0,L,-128.0,8.5,-117
0,L,-111.0,8.0,-117
0,W,126.0,8.0,-114
0,W,106.0,7.5,111
0,W,194.0,7.0,-102
0,W,118.0,7.0,120
1,L,-121.0,9.5,111
1,W,-121.0,9.0,-110
1,W,-139.0,9.0,-125
1,L,-130.0,9.5,-127
1,W,-145.0,9.5,-103
1,L,-186.0,9.5,-123
0,W,133.0,9.0,-117
0,L,176.0,9.0,104
0,L,122.0,9.5,109
0,L,149.0,9.0,-114
0,L,157.0,9.5,117
0,L,188.0,8.5,107
0,L,-109.0,8.5,110
0,W,103.0,8.5,-106
0,W,-123.0,8.0,107
1,W,-166.0,8.5,-107
1,L,132.0,8.5,-113
1,W,-136.0,9.0,101
1,L,-150.0,9.0,-118
1,L,-173.0,9.0,-105
0,L,166.0,8.0,-120
0,L,156.0,7.5,-106
0,W,125.0,8.5,106
0,L,175.0,7.5,-116
0,L,183.0,7.0,-118
0,L,196.0,8.0,-109
1,W,-168.0,8.5,-102
1,L,126.0,8.5,104
1,W,-106.0,9.0,105
1,W,153.0,9.0,106
1,W,128.0,9.5,106
0,L,-132.0,8.0,-110
0,L,115.0,8.0,105
0,L,-113.0,7.5,-108
0,W,161.0,9.0,-115
0,L,164.0,9.0,-109
0,W,140.0,8.0,-121
0,L,157.0,8.5,107
0,L,157.0,9.0,107
0,L,279.0,9.0,105
0,L,181.0,9.5,-102
1,W,-130.0,8.5,101
1,L,128.0,8.0,-115
1,L,-105.0,9.0,-121
1,L,-106.0,9.0,-106
1,L,-133.0,9.5,103
1,W,-144.0,8.0,-113
1,W,130.0,8.0,-106
1,W,-119.0,9.5,101
1,W,110.0,9.5,110
0,L,200.0,7.5,-116
0,W,126.0,7.5,104
0,W,166.0,7.5,-109
0,W,147.0,7.5,-116
0,L,160.0,7.5,-106
0,L,183.0,8.0,-113
1,L,-120.0,8.5,109
1,W,153.0,8.5,102
1,W,-125.0,9.5,-106
1,L,122.0,9.0,-106
1,L,116.0,9.5,-103
1,L,-105.0,9.0,-106
0,L,165.0,7.5,-109
0,W,101.0,9.0,-111
0,L,-101.0,9.0,103
0,L,141.0,9.5,-113
0,W,113.0,9.0,-117
0,W,124.0,9.0,-113
0,W,123.0,9.5,105
1,L,137.0,8.5,115
1,W,130.0,9.0,-114
1,W,102.0,9.5,-104
1,W,-135.0,9.5,-109
1,W,-131.0,9.5,-110
1,L,-123.0,9.5,103
0,W,161.0,8.5,-106
0,L,133.0,8.0,-110
0,W,127.0,8.0,101
0,L,138.0,9.5,-101
0,L,246.0,7.5,-106
0,L,214.0,8.5,-108
1,L,135.0,8.0,-108
1,L,-105.0,8.5,-116
1,L,105.0,9.0,105
1,L,121.0,9.0,100
1,W,-137.0,8.5,-105
1,W,115.0,9.5,-106
1,W,-122.0,9.5,105
0,L,122.0,7.5,-103
0,L,148.0,7.0,-107
0,L,100.0,6.5,-105
1,L,-102.0,10.5,-111
1,W,-147.0,10.5,-115
1,L,-145.0,8.5,-101
1,W,106.0,10.0,-102
1,L,-107.0,9.0,120
1,L,101.0,9.5,-101
1,L,-123.0,9.0,-102
1,L,-127.0,8.5,-105
1,L,140.0,9.0,104
1,W,121.0,9.0,-109
0,W,132.0,9.5,-102
0,L,287.0,8.5,103
0,L,160.0,7.0,-107
0,W,171.0,9.5,-117
0,L,206.0,8.5,-111
0,W,169.0,8.5,-106
1,L,190.0,10.5,-106
1,L,119.0,9.5,112
1,W,151.0,10.5,-117
0,L,140.0,9.0,-108
0,W,127.0,9.5,-108
0,L,188.0,9.5,-117
0,L,136.0,9.0,110
0,L,251.0,9.0,106
0,L,178.0,9.5,-110
1,W,128.0,8.5,100
1,W,-152.0,9.5,-108
1,L,139.0,9.5,107
1,L,153.0,9.5,-117
1,W,-113.0,9.5,-103
1,L,-102.0,9.0,-105
1,W,-120.0,8.5,-115
1,L,196.0,8.0,104
1,W,122.0,10.5,101
1,W,-117.0,10.0,-103
0,L,129.0,8.5,-108
0,L,128.0,7.5,-106
0,L,169.0,8.5,111
0,L,-102.0,8.5,-105
0,L,137.0,8.0,-105
0,L,121.0,7.5,-111
0,L,-108.0,9.5,-107
0,L,236.0,9.0,-111
0,L,128.0,9.5,-114
1,L,118.0,10.0,-107
1,W,-154.0,11.0,-111
1,W,-147.0,9.5,-110
1,W,146.0,8.0,-115
1,W,-166.0,10.0,-105
0,W,130.0,9.0,-104
0,L,116.0,8.0,113
0,W,183.0,8.0,-110
0,L,119.0,9.0,-107
1,L,115.0,10.0,-105
1,L,-174.0,9.0,-118
1,L,102.0,10.5,-115
1,L,-140.0,10.5,102
1,L,103.0,10.5,-126
1,L,119.0,10.0,103
0,W,-125.0,7.5,-105
0,L,-102.0,9.0,100
0,W,113.0,8.0,-108
0,W,102.0,9.5,-110
0,L,126.0,10.0,101
0,L,-111.0,11.0,101
0,L,150.0,14.5,-104
0,W,142.0,13.0,-115
0,W,138.0,11.0,-113
0,L,187.0,8.5,-120
0,W,-110.0,9.0,-105
1,W,-104.0,11.0,-106
1,L,-113.0,11.0,102
1,W,162.0,10.5,-112
1,L,128.0,8.5,-108
1,W,-149.0,8.5,-108
1,L,118.0,10.0,-114
0,L,133.0,8.0,-101
0,L,-106.0,7.5,113
0,L,120.0,7.0,-110
0,W,167.0,8.0,-117
0,L,157.0,8.0,100
1,W,-194.0,9.5,103
1,L,-245.0,8.5,101
1,W,-165.0,9.5,-106
1,W,-128.0,9.5,-114
1,L,-136.0,9.5,-115
1,W,-181.0,8.0,-119
0,L,108.0,8.5,-117
0,L,-165.0,8.0,-116
0,L,108.0,7.5,-108
0,L,160.0,7.5,-107
1,L,-186.0,9.5,111
1,L,-130.0,9.0,-103
1,L,-191.0,8.5,-123
1,L,-113.0,8.5,101
1,W,-137.0,9.0,-107
1,L,-111.0,8.5,-105
0,L,100.0,9.0,105
0,L,-163.0,9.0,106
0,L,-136.0,9.5,106
0,L,129.0,6.5,-111
0,W,-124.0,8.0,105
0,W,-134.0,6.0,103
1,W,-147.0,9.5,106
1,L,-163.0,9.5,100
1,L,-152.0,9.5,-125
1,W,-167.0,9.0,107
1,W,-302.0,9.0,105
1,W,-193.0,9.5,-102
1,W,-125.0,8.5,-110
1,W,-117.0,10.0,100
1,W,-135.0,9.0,-107
1,W,-192.0,8.5,-117
0,W,122.0,6.5,103
0,W,123.0,7.0,-110
0,W,133.0,7.5,-123
1,L,-115.0,9.0,-108
0,L,-104.0,7.0,-104
0,L,126.0,8.0,-111
0,W,120.0,7.5,102
1,W,-117.0,8.5,-110
1,W,-132.0,8.5,102
1,L,-152.0,7.5,100
1,W,109.0,9.0,-121
1,W,-120.0,9.0,101
1,W,107.0,8.0,-104
0,W,113.0,8.5,109
0,L,-163.0,8.5,102
0,L,118.0,9.5,-106
0,L,123.0,7.0,-114
0,W,128.0,7.0,113
0,L,160.0,7.0,-111
1,W,-254.0,9.0,104
1,L,-145.0,10.5,-110
0,L,133.0,7.0,100
0,W,107.0,7.5,-105
0,L,-155.0,7.5,105
0,W,-107.0,9.0,-104
0,L,-141.0,8.0,-102
0,W,-132.0,7.5,-104
0,L,-153.0,8.5,102
1,W,-182.0,8.0,-103
1,L,-137.0,9.5,104
1,W,-150.0,9.0,-121
1,W,-155.0,9.0,-116
1,W,-128.0,9.0,-102
1,W,-255.0,8.5,-111
1,L,-210.0,9.5,-109
1,L,-205.0,9.0,103
0,L,125.0,8.5,-105
0,L,128.0,9.0,102
0,L,-143.0,8.5,-109
0,L,192.0,7.5,-114
0,L,196.0,7.0,-113
0,L,105.0,7.5,-103
0,W,-107.0,9.5,106
0,L,-154.0,7.0,-114
0,W,136.0,8.5,-104
0,L,109.0,8.5,-117
0,L,117.0,8.5,105
1,L,-117.0,9.0,-110
1,W,-145.0,9.5,-117
1,W,-159.0,9.5,108
1,W,-139.0,7.5,-117
1,W,100.0,8.5,106
1,W,-139.0,9.5,-101
1,W,-114.0,8.0,-106
1,L,-220.0,7.5,116
1,W,-103.0,8.0,-108
1,W,-140.0,9.0,102
0,L,127.0,6.5,100
0,W,112.0,7.0,111
0,W,-148.0,6.0,-127
0,L,126.0,8.5,103
0,L,133.0,9.5,-107
0,W,160.0,7.5,105
1,L,-113.0,9.5,-111
1,W,-165.0,8.0,-117
1,W,131.0,8.5,105
1,L,-122.0,10.5,-102
1,W,-113.0,8.5,-111
1,W,-156.0,9.5,-111
0,W,-108.0,7.0,-113
0,L,130.0,9.0,-120
0,L,145.0,9.0,102
1,W,-155.0,9.5,105
1,W,-126.0,9.0,-119
1,W,-175.0,7.0,-119
1,L,-151.0,8.5,107
1,L,-185.0,9.0,100
1,L,-243.0,9.5,-103
1,W,-188.0,9.5,-116
0,W,-210.0,8.0,104
0,L,-130.0,10.5,101
0,L,110.0,10.0,-103
0,L,129.0,7.0,-101
0,W,116.0,8.0,-104
0,W,-104.0,6.0,-121
1,L,-113.0,9.0,105
1,W,-117.0,9.5,-101
1,L,-152.0,10.0,110
1,W,102.0,9.5,-107
1,W,-254.0,9.0,-111
1,W,-136.0,9.5,-114
0,W,135.0,8.0,-101
0,W,-109.0,9.0,100
0,L,-117.0,9.5,102
0,W,-140.0,6.0,-102
0,L,-105.0,9.0,-105
0,L,114.0,7.5,100
1,W,-127.0,9.5,100
1,W,-148.0,10.5,-103
1,W,-244.0,8.5,104
1,L,-180.0,10.0,102
1,W,170.0,8.5,-101
1,L,-101.0,11.0,100
0,L,-128.0,7.0,111
0,W,-109.0,9.0,102
0,L,157.0,8.5,106
0,W,136.0,7.0,-115
0,L,134.0,7.0,110
0,W,-135.0,6.5,106
0,W,140.0,8.0,-110
0,L,136.0,8.0,-116
0,L,123.0,8.0,100
1,L,-147.0,11.0,-113
1,W,-200.0,8.5,-120
1,L,104.0,9.0,-105
1,W,-160.0,9.5,-113
1,W,-148.0,10.0,-109
1,L,-115.0,9.5,107
0,W,-172.0,8.5,101
0,L,-105.0,9.0,110
0,W,-146.0,9.0,105
0,L,-141.0,9.5,-106
0,L,128.0,9.0,-117
0,W,-124.0,8.0,-101
0,L,124.0,8.5,-112
1,L,-191.0,9.0,-102
1,W,-175.0,9.5,-109
1,W,-145.0,10.5,-104
1,W,-238.0,9.0,-116
1,L,-162.0,9.5,-115
1,W,-180.0,9.5,-108
0,L,145.0,9.0,102
0,W,-105.0,7.5,110
1,W,-177.0,8.0,-120
1,W,-166.0,7.5,-106
1,L,-133.0,8.5,106
0,W,174.0,9.5,111
0,W,122.0,9.0,-103
0,W,179.0,8.5,-123
0,L,158.0,8.5,-102
0,W,-134.0,8.5,104
1,W,104.0,6.5,-114
1,L,-128.0,7.0,-107
1,L,-124.0,7.0,-110
1,W,-137.0,6.5,-111
1,L,117.0,8.0,105
1,L,126.0,6.0,103
0,L,132.0,6.5,-111
0,L,133.0,6.5,105
0,W,106.0,7.0,-121
0,L,117.0,8.0,-110
0,W,137.0,7.5,120
0,W,-103.0,7.0,-117
0,L,-116.0,7.5,-127
0,L,-108.0,6.5,-102
0,L,133.0,5.5,-105
0,L,153.0,6.5,112
1,L,-137.0,7.0,-108
1,L,-118.0,6.5,-107
1,W,-148.0,7.5,-116
1,L,-108.0,6.5,106
1,L,100.0,8.5,105
1,W,135.0,6.5,-118
0,L,110.0,8.5,-110
0,L,124.0,8.5,102
0,W,143.0,7.5,100
0,W,159.0,8.5,-103
0,W,-104.0,8.0,-109
0,W,-121.0,8.5,-111
1,W,-113.0,7.0,-107
1,L,100.0,8.0,-102
1,W,-131.0,7.0,-114
1,L,-136.0,7.0,113
1,W,-170.0,7.0,-111
0,L,127.0,7.0,-104
0,W,129.0,7.5,-108
0,L,154.0,7.0,106
0,L,-115.0,8.5,104
0,L,127.0,7.5,107
0,W,101.0,8.5,-130
1,W,-180.0,7.5,-130
1,W,-168.0,7.5,-123
1,L,-222.0,7.5,105
1,L,-162.0,7.0,108
1,W,-140.0,7.0,-111
1,W,101.0,6.5,-115
1,L,-132.0,6.5,-125
0,L,102.0,6.5,-102
0,L,101.0,7.0,120
0,L,186.0,7.0,110
0,L,138.0,6.0,-115
0,L,-101.0,6.5,115
0,W,-104.0,6.5,-102
1,W,-178.0,6.5,108
1,W,-127.0,8.5,-111
1,L,-113.0,6.5,-122
1,W,-174.0,8.0,-115
1,W,-142.0,7.5,101
1,L,-118.0,6.5,111
1,L,-107.0,8.0,-105
0,L,151.0,7.5,-113
0,L,122.0,7.5,-106
0,L,117.0,7.0,-116
1,W,-145.0,7.5,-128
1,L,-140.0,8.0,-114
1,W,-153.0,7.0,-102
1,W,-180.0,7.0,-134
1,L,108.0,6.5,102
1,W,-172.0,8.5,110
1,L,-178.0,8.5,-109
0,W,120.0,8.5,-105
0,W,-149.0,9.0,104
0,L,-128.0,9.0,-109
0,W,115.0,7.5,111
0,W,126.0,7.5,-109
0,W,102.0,7.5,104
1,L,101.0,7.0,-101
1,W,-112.0,8.5,110
1,L,146.0,8.0,-107
0,W,129.0,10.0,-109
0,L,114.0,9.0,-102
0,L,-130.0,8.0,104
0,L,144.0,9.5,-102
0,L,145.0,11.0,-104
0,L,128.0,10.5,-120
0,L,116.0,9.0,101
0,W,-118.0,8.5,100
0,W,-118.0,9.0,104
1,L,102.0,8.0,-106
1,L,-148.0,8.0,-110
1,L,-172.0,8.0,102
1,W,105.0,6.5,103
1,W,116.0,7.0,-101
1,W,-142.0,8.5,-102
1,W,-115.0,7.0,-127
1,L,-124.0,7.0,109
1,W,-168.0,7.5,-110
1,L,-130.0,8.0,-116
1,W,-137.0,8.5,-108
1,W,-136.0,7.5,-106
1,W,-180.0,8.5,111
0,W,106.0,9.0,105
0,L,110.0,9.5,-101
0,W,143.0,10.0,110
0,L,106.0,7.0,-101
0,W,101.0,7.5,-104
0,L,101.0,7.5,-109
1,W,-134.0,8.0,104
1,W,-183.0,8.5,-101
1,W,-148.0,7.0,-122
1,L,-114.0,8.0,-110
1,W,-184.0,7.0,105
1,W,-146.0,7.5,109
0,W,102.0,7.0,-118
0,W,-111.0,7.0,-123
0,W,122.0,7.5,116
0,W,-122.0,10.0,-105
0,W,163.0,9.0,-118
0,W,-108.0,10.5,-115
1,W,121.0,7.0,111
1,L,103.0,9.0,102
1,W,-167.0,8.5,106
1,W,-130.0,9.5,116
1,L,-163.0,9.0,107
1,L,-176.0,8.5,-107
1,W,-235.0,8.5,101
1,W,-172.0,8.5,-104
1,W,-245.0,8.5,-113
1,L,-281.0,8.5,-108
0,L,-105.0,9.0,-110
0,L,102.0,9.0,100
0,L,127.0,7.0,-103
0,L,-149.0,9.5,-109
0,W,-170.0,9.0,-116
0,L,-126.0,10.0,-112
0,L,-117.0,10.0,-102
0,W,-145.0,8.5,-105
0,L,-134.0,9.5,105
1,W,-167.0,8.5,-108
1,L,144.0,7.5,115
1,W,-159.0,9.0,-106
1,W,-127.0,7.0,-110
1,L,-178.0,8.0,-117
1,W,-167.0,8.0,100
0,L,106.0,9.0,-108
0,L,140.0,8.5,-102
0,W,-119.0,8.5,-110
0,W,-141.0,8.0,-106
0,L,-168.0,8.0,107
0,L,-120.0,8.5,-103
0,L,120.0,6.5,-114
0,W,116.0,7.5,101
0,W,150.0,6.5,-117
1,L,-165.0,7.5,-125
1,W,-143.0,6.5,106
1,L,-162.0,6.5,106
1,L,-130.0,6.5,-116
1,L,-125.0,7.0,-117
0,L,-110.0,6.5,-114
0,W,121.0,7.0,-107
0,W,117.0,7.0,-110
0,L,156.0,7.5,-116
0,W,-108.0,9.0,-105
0,L,-145.0,7.5,104
0,L,118.0,7.5,-105
0,L,138.0,9.5,106
0,W,153.0,9.5,100
0,W,143.0,9.5,-125
1,L,-138.0,6.0,115
1,W,-113.0,7.0,-105
1,L,-109.0,6.5,-125
1,L,-102.0,6.5,120
1,W,102.0,6.5,-102
1,W,-141.0,5.5,-105
1,W,-163.0,6.5,112
1,L,-130.0,6.5,103
1,L,-131.0,7.0,-110
1,L,-141.0,7.5,-123
0,L,-138.0,8.0,-106
0,L,112.0,9.5,101
0,L,-117.0,9.5,110
1,L,100.0,6.5,102
1,L,-122.0,7.5,100
1,L,-128.0,6.5,-126
1,L,-156.0,7.5,-116
1,W,-170.0,7.5,-106
1,W,-195.0,8.0,-113
0,W,-125.0,9.0,-110
0,L,-109.0,9.0,102
0,L,140.0,8.0,-115
0,W,-139.0,9.5,-105
0,W,-115.0,9.0,105
0,W,-109.0,9.0,102
0,W,155.0,7.0,-107
0,L,-116.0,7.0,-121
0,W,126.0,7.5,-116
1,W,-200.0,7.0,107
1,W,-181.0,7.0,109
1,W,-199.0,7.0,107
0,W,-146.0,8.5,115
0,L,-138.0,9.0,-114
0,L,-108.0,9.5,-104
0,W,152.0,7.0,108
0,L,132.0,7.0,-111
0,L,-107.0,6.5,-115
0,W,124.0,6.5,-125
1,W,132.0,6.5,110
1,L,-115.0,6.5,-111
1,L,-146.0,7.0,110
1,W,-147.0,6.0,-115
1,W,-105.0,6.5,115
1,L,-102.0,6.5,-102
0,W,-135.0,8.5,-113
0,W,-172.0,7.5,-101
0,W,-110.0,8.5,-117
0,L,155.0,7.5,-111
0,W,156.0,8.0,-115
0,L,146.0,8.0,102
1,W,-130.0,7.5,-103
1,W,-157.0,7.0,-107
1,W,-106.0,6.5,-105
0,W,110.0,9.0,-110
0,L,136.0,9.5,-117
0,L,149.0,9.5,108
0,W,-155.0,7.5,-125
0,L,-105.0,8.5,-101
0,L,-109.0,8.0,-108
1,W,-150.0,7.0,-121
1,W,-147.0,7.0,-101
1,W,-166.0,6.0,-115
1,L,-217.0,7.5,114
1,W,-135.0,6.5,100
1,L,-119.0,7.0,111
1,L,139.0,6.0,-127
0,W,-104.0,7.5,-117
0,W,187.0,7.0,-135
0,W,-103.0,8.5,-113
0,W,178.0,8.5,110
0,W,130.0,8.0,-115
1,W,-159.0,7.0,-106
1,L,-192.0,6.5,-107
1,W,-159.0,7.0,-125
1,L,107.0,6.5,-118
1,W,-120.0,6.0,105
1,L,-102.0,6.5,-114
1,W,122.0,6.0,100
1,W,-135.0,6.5,-119
0,L,111.0,8.0,-123
0,W,141.0,6.5,-108
0,L,136.0,7.0,107
0,W,162.0,9.0,-118
0,W,143.0,9.5,-108
0,L,124.0,9.0,112
0,L,192.0,7.0,101
1,L,-104.0,6.5,116
1,W,-114.0,6.5,-123
1,W,-156.0,7.0,100
1,W,-186.0,7.0,-107
1,L,-139.0,6.5,-111
1,L,-116.0,7.0,-108
1,W,128.0,6.5,-102
1,W,129.0,6.5,-105
0,W,127.0,7.0,106
0,W,-126.0,8.0,-102
0,L,157.0,6.5,-102
0,L,139.0,7.0,-122
0,W,107.0,8.0,-110
1,L,-117.0,6.0,-101
1,W,106.0,6.5,-116
1,L,-108.0,7.0,-118
1,L,105.0,7.0,-123
1,L,-130.0,7.5,116
0,W,146.0,7.5,-116
0,W,134.0,7.5,-113
0,L,129.0,7.5,-108
0,W,-143.0,8.5,-111
0,W,-120.0,8.5,-102
1,L,-144.0,7.0,-115
1,W,-142.0,7.0,110
1,L,127.0,6.5,106
1,W,101.0,7.5,110
1,L,114.0,7.0,102
1,W,-132.0,7.5,-105
1,W,-134.0,7.0,-125
0,W,-104.0,8.5,-109
0,W,119.0,9.0,-103
0,L,150.0,8.0,-105
0,W,105.0,9.0,-113
0,W,119.0,8.0,-113
1,W,-127.0,8.0,-115
1,W,103.0,7.0,-121
1,W,106.0,7.0,-102
1,W,-141.0,8.0,-101
1,W,100.0,7.5,113
1,L,114.0,7.0,102
1,W,117.0,7.0,-111
0,L,222.0,9.0,-116
0,W,152.0,9.5,-115
0,L,169.0,9.5,-108
0,L,121.0,9.5,-114
0,W,128.0,9.5,-115
0,L,170.0,8.0,-119
0,W,161.0,6.5,101
0,W,133.0,9.0,-115
0,L,155.0,8.5,-120
1,W,-115.0,7.0,107
1,W,116.0,5.5,-106
0,W,149.0,7.0,102
1,L,108.0,5.5,-113
1,W,101.0,7.5,111
1,W,113.0,6.5,101
0,W,153.0,5.5,-112
0,W,123.0,7.0,-113
0,W,122.0,7.0,-110
1,L,-118.0,6.5,101
1,W,-156.0,6.5,100
1,W,-127.0,6.5,-114
1,L,-123.0,7.5,101
1,L,-160.0,6.5,-117
1,W,-187.0,7.5,-116
1,W,-195.0,7.0,-118
1,W,-209.0,8.0,-109
0,W,106.0,8.5,101
0,L,129.0,9.0,-107
0,W,105.0,8.5,-105
0,W,106.0,12.5,-110
0,L,-117.0,8.0,-117
0,W,-122.0,8.5,101
1,W,-145.0,8.0,-119
1,L,-139.0,6.5,103
1,L,-134.0,7.5,102
1,W,-140.0,6.5,-111
1,W,-141.0,6.5,105
1,L,-113.0,7.0,-121
0,W,130.0,6.0,115
0,L,106.0,7.0,-105
0,W,103.0,6.5,-125
0,W,-104.0,6.5,120
0,L,122.0,8.5,101
0,W,-136.0,8.0,-115
0,W,-101.0,9.0,-121
0,W,129.0,7.0,-108
0,W,111.0,6.5,-107
0,L,139.0,7.5,-116
1,W,-102.0,7.0,-104
1,W,-134.0,8.0,-111
1,L,-127.0,7.5,102
1,W,-214.0,7.5,-116
1,L,-134.0,7.5,104
1,L,-177.0,7.5,-109
1,L,-116.0,7.5,-111
1,W,-111.0,7.5,-105
1,W,-132.0,7.5,-123
0,L,136.0,8.0,-108
0,L,136.0,7.0,-119
0,W,136.0,8.0,102
0,W,168.0,8.5,-119
0,L,102.0,9.0,-110
0,L,150.0,8.5,-107
1,L,-165.0,7.0,-107
1,W,109.0,7.0,-121
1,L,-134.0,7.5,-116
1,W,-178.0,7.0,-107
1,W,-164.0,7.5,113
1,L,-198.0,6.5,-110
1,W,-163.0,7.5,106
0,L,116.0,7.5,-105
0,L,127.0,7.0,-107
0,W,142.0,7.5,-123
0,L,-103.0,7.0,-113
0,L,171.0,8.0,-103
0,W,129.0,9.5,104
1,W,-108.0,6.5,-102
1,W,-107.0,7.0,120
1,W,-199.0,7.0,110
1,L,-149.0,8.0,-109
1,W,-153.0,8.0,106
1,W,106.0,6.0,-106
0,W,-143.0,8.0,-108
0,W,-101.0,8.5,-116
0,W,-111.0,9.0,105
0,W,-128.0,9.0,100
0,L,134.0,7.5,101
0,W,111.0,6.5,111
0,W,101.0,8.0,-105
1,W,-152.0,7.0,-119
1,W,-113.0,7.5,-110
1,W,-167.0,7.0,-121
0,W,109.0,8.5,-110
0,W,-107.0,8.5,-101
0,L,139.0,6.5,-113
0,W,104.0,9.0,111
0,W,-125.0,8.0,-116
0,W,128.0,8.5,101
0,W,104.0,9.0,-118
0,L,107.0,8.0,-106
0,W,206.0,7.5,116
0,L,-103.0,8.0,-108
0,L,132.0,9.0,102
1,L,-122.0,7.5,111
1,L,-134.0,7.5,-109
1,L,-108.0,7.5,104
1,L,-118.0,6.5,-111
1,L,132.0,8.0,-102
1,W,-126.0,8.0,-109
0,L,-151.0,7.5,103
0,L,-114.0,7.5,118
0,W,-132.0,6.5,-108
0,W,139.0,7.5,-107
0,L,-156.0,8.5,101
0,L,141.0,8.5,102
1,W,-255.0,6.5,-120
1,L,-149.0,8.5,-108
1,W,-192.0,7.5,-108
1,W,-115.0,7.5,102
1,W,-178.0,6.5,-112
0,L,178.0,8.5,-125
0,L,111.0,8.0,-115
0,W,-114.0,8.5,-103
0,W,131.0,8.0,-108
0,W,-165.0,7.0,-110
0,L,118.0,8.0,-118
0,W,-116.0,7.5,-106
1,W,-137.0,7.0,-101
1,L,-123.0,8.0,-104
1,L,-102.0,6.0,-121
1,W,-104.0,8.5,-105
1,W,-146.0,8.0,-105
1,W,-128.0,7.5,-111
1,W,-159.0,8.0,112
1,L,-244.0,7.0,-102
1,W,-123.0,8.5,111
0,L,106.0,7.5,100
0,L,107.0,7.5,-115
0,L,101.0,7.5,100
0,L,-155.0,8.0,-115
0,L,156.0,10.0,-105
0,W,110.0,6.0,-101
0,L,-113.0,6.5,-116
1,W,-197.0,6.0,-108
1,W,-133.0,8.5,101
1,L,-155.0,7.5,-116
1,L,-142.0,7.5,-113
0,W,-184.0,7.5,118
0,L,179.0,8.0,100
0,L,112.0,7.5,102
0,W,116.0,7.5,104
0,W,-119.0,8.5,114
0,W,-165.0,7.5,110
1,L,-149.0,8.0,-110
1,W,-145.0,8.0,-116
1,W,-131.0,8.0,100
1,L,-146.0,7.0,104
1,W,129.0,9.5,-116
1,W,136.0,6.5,100
1,L,107.0,7.5,100
1,W,146.0,7.0,122
1,W,-149.0,6.5,117
0,L,120.0,8.0,-115
0,L,-109.0,7.0,-121
0,L,-113.0,7.0,-102
0,L,157.0,8.5,-108
0,W,-153.0,7.5,115
0,L,149.0,9.0,-106
1,W,-179.0,8.5,100
1,L,-192.0,7.5,-113
1,W,-183.0,8.5,-106
1,W,-180.0,7.0,102
1,W,-117.0,8.0,100
0,W,-132.0,7.5,102
0,W,119.0,8.0,-113
